num_voters,num_projects,version,setup,predictor,sample_degree,lv_degree,seed,k,num_tv,precision,recall,f1,fractional_allocation,symmetric_distance,pipeline_runtime,runtime
100,10,before,offline_popularity,classification,0.5,0.5,0,3,75,0.44666666666666666,0.3655555555555556,0.38066666666666665,0.7031076581576027,2,19.48215892899998,19.499490527000034
100,10,before,offline_popularity,classification,0.5,0.5,1,3,75,0.5806666666666667,0.5519047619047619,0.5213323713323713,0.49493243243243246,5,6.669268229999943,6.6973728279999705
100,10,before,offline_popularity,classification,0.5,0.5,2,3,75,0.6522222222222221,0.5326666666666667,0.5600952380952381,0.8910614525139665,2,4.922545428999911,4.952252225999928
100,10,after,offline_popularity,classification,0.5,0.5,0,3,75,0.44666666666666666,0.3655555555555556,0.38066666666666665,0.7031076581576027,2,5.148633244999928,5.17164151399993
100,10,after,offline_popularity,classification,0.5,0.5,1,3,75,0.5806666666666667,0.5519047619047619,0.5213323713323713,0.49493243243243246,5,3.2187902780001423,3.2386105199998383
100,10,after,offline_popularity,classification,0.5,0.5,2,3,75,0.6522222222222221,0.5326666666666667,0.5600952380952381,0.8910614525139665,2,2.796816055000363,2.812410552000074
100,20,before,offline_popularity,classification,0.5,0.5,0,7,75,0.5020952380952381,0.3761058201058201,0.4109460169460169,0.8651616839536302,2,7.4796876179998435,7.500902615999621
100,20,before,offline_popularity,classification,0.5,0.5,1,7,75,0.44479365079365074,0.4326031746031746,0.4224436304436305,0.5302189781021898,6,6.754167814000084,6.775796812999943
100,20,before,offline_popularity,classification,0.5,0.5,2,7,75,0.5731693121693122,0.506089947089947,0.5118213289977995,0.6465638148667602,5,6.714828860000125,6.734904858000391
100,20,after,offline_popularity,classification,0.5,0.5,0,7,75,0.5020952380952381,0.3761058201058201,0.4109460169460169,0.8651616839536302,2,4.656466679999994,4.683004737999909
100,20,after,offline_popularity,classification,0.5,0.5,1,7,75,0.44679365079365085,0.43526984126984125,0.42481400081400084,0.5302189781021898,6,3.321475577000001,3.341263329999947
100,20,after,offline_popularity,classification,0.5,0.5,2,7,75,0.5731693121693122,0.506089947089947,0.5118213289977995,0.6465638148667602,5,3.5643280869999217,3.5843403859998944
100,30,before,offline_popularity,classification,0.5,0.5,0,10,75,0.6115611055611055,0.5492901542901543,0.5557668995975632,0.9950095969289827,0,18.669165455999973,18.711023135000232
100,30,before,offline_popularity,classification,0.5,0.5,1,10,75,0.6325800865800866,0.5033554593554593,0.5344570630607782,0.856089258698941,4,10.600872637000066,10.633224601000165
100,30,before,offline_popularity,classification,0.5,0.5,2,10,75,0.636897657897658,0.5717117697117696,0.5904666382360554,0.7302964569775849,6,10.204501547999826,10.235301646000153
100,30,after,offline_popularity,classification,0.5,0.5,0,10,75,0.6115611055611055,0.5492901542901543,0.5557668995975632,0.9950095969289827,0,6.499222000999907,6.576262693999979
100,30,after,offline_popularity,classification,0.5,0.5,1,10,75,0.6325800865800866,0.5033554593554593,0.5344570630607782,0.856089258698941,4,5.047695642000235,5.0752289400002155
100,30,after,offline_popularity,classification,0.5,0.5,2,10,75,0.636897657897658,0.5717117697117696,0.5904666382360554,0.7302964569775849,6,4.7185466860000815,4.7448264839999865
100,40,before,offline_popularity,classification,0.5,0.5,0,13,75,0.6487959752665635,0.5932907419378007,0.6091863352577183,0.8566598059394296,4,14.956876837999971,14.985536235999916
100,40,before,offline_popularity,classification,0.5,0.5,1,13,75,0.6385434565434565,0.5109961334961335,0.5470660225960056,0.9368564506359782,4,14.85717447099978,14.923867667000195
100,40,before,offline_popularity,classification,0.5,0.5,2,13,75,0.6841351981351982,0.637936485083544,0.6502676375677872,0.8319207010486999,5,17.433901307999804,17.463361481999982
100,40,after,offline_popularity,classification,0.5,0.5,0,13,75,0.6487959752665635,0.5932907419378007,0.6091863352577183,0.8566598059394296,4,7.911978933999762,7.940591539000252
100,40,after,offline_popularity,classification,0.5,0.5,1,13,75,0.6166892736892737,0.5254103859103859,0.5504995055825105,0.9368564506359782,4,8.204610228000092,8.24494510600016
100,40,after,offline_popularity,classification,0.5,0.5,2,13,75,0.6841351981351982,0.637936485083544,0.6502676375677872,0.8319207010486999,5,6.393857520999973,6.433024292000027
100,60,before,offline_popularity,classification,0.5,0.5,0,20,75,0.6800429466760737,0.6070942708249211,0.6363989052231722,0.9079604425731911,3,32.35255277799979,32.42157957800009
100,60,before,offline_popularity,classification,0.5,0.5,1,20,75,0.644731015401294,0.6250782716309031,0.6269025380132517,0.8487884674368674,5,14.11254057899987,14.140559475999908
100,60,before,offline_popularity,classification,0.5,0.5,2,20,75,0.6777502928663246,0.628948986504041,0.6439820196185818,0.8591942148760331,5,15.052511627000058,15.082212973999958
100,60,after,offline_popularity,classification,0.5,0.5,0,20,75,0.6800429466760737,0.6070942708249211,0.6363989052231722,0.9079604425731911,3,7.666379706000043,7.698328250000031
100,60,after,offline_popularity,classification,0.5,0.5,1,20,75,0.6410982324635576,0.617840176392808,0.6218153825603193,0.8487884674368674,5,6.774088494999887,6.822647399999823
100,60,after,offline_popularity,classification,0.5,0.5,2,20,75,0.668584670620207,0.6274776313484753,0.6392562641999577,0.8591942148760331,5,4.873284870000134,4.905845113000396
100,80,before,offline_popularity,classification,0.5,0.5,0,27,75,0.6964446545873924,0.6312542101909647,0.6581351132721189,0.8847873926315042,7,19.27231572799974,19.308266026999718
100,80,before,offline_popularity,classification,0.5,0.5,1,27,75,0.6961221969784585,0.6008421947974049,0.6389123315582563,0.8796219905497638,8,19.20115135700007,19.234664135000003
100,80,before,offline_popularity,classification,0.5,0.5,2,27,75,0.6428224387698072,0.5495050086013653,0.5837097589468246,0.9348567283278927,5,16.996058358000028,17.029420358999687
100,80,after,offline_popularity,classification,0.5,0.5,0,27,75,0.6853622607879102,0.6318614293416128,0.6531800103022021,0.8186271030027685,10,10.054496325999935,10.08882673900007
100,80,after,offline_popularity,classification,0.5,0.5,1,27,75,0.6961221969784585,0.6008421947974049,0.6389123315582563,0.8796219905497638,8,8.096648709999954,8.136179855000137
100,80,after,offline_popularity,classification,0.5,0.5,2,27,75,0.6428224387698072,0.5495050086013653,0.5837097589468246,0.9348567283278927,5,5.259332233999885,5.2924240339998505
100,120,before,offline_popularity,classification,0.5,0.5,0,40,75,0.6895160340549918,0.6671557735887681,0.6737445283848544,0.9612485504445304,3,27.401465387999906,27.459092674000203
100,120,before,offline_popularity,classification,0.5,0.5,1,40,75,0.7075951698158491,0.6452259582916456,0.6719739591514293,0.929175731206188,7,32.161321942000086,32.207342416999836
100,120,before,offline_popularity,classification,0.5,0.5,2,40,75,0.7118375042879094,0.6593203324408801,0.679644305068023,0.9563189730802973,5,28.59893590899992,28.643236457000057
100,120,after,offline_popularity,classification,0.5,0.5,0,40,75,0.6895160340549918,0.6671557735887681,0.6737445283848544,0.9612485504445304,3,7.170052288000079,7.2130054180001935
100,120,after,offline_popularity,classification,0.5,0.5,1,40,75,0.6992899848552163,0.6492955350784708,0.6699361163142783,0.929175731206188,7,14.171844511000018,14.20512417000009
100,120,after,offline_popularity,classification,0.5,0.5,2,40,75,0.7105355977019818,0.6620510846541399,0.6810972497133566,0.9414969755737175,6,6.598249274999944,6.625719547000244
100,160,before,offline_popularity,classification,0.5,0.5,0,53,75,0.6933602800183108,0.6620159602376925,0.6752307723536545,0.9456934202047684,5,27.041002518999903,27.075383468000382
100,160,before,offline_popularity,classification,0.5,0.5,1,53,75,0.6723419234059471,0.641625974686476,0.6544526460313217,0.8589808093150291,13,27.625953109999955,27.806759101999887
100,160,before,offline_popularity,classification,0.5,0.5,2,53,75,0.6960315405797532,0.660197650755075,0.6754809999884427,0.9320558100500053,6,51.05587775499998,51.134689713999705
100,160,after,offline_popularity,classification,0.5,0.5,0,53,75,0.688537475675785,0.6613868253364465,0.6722562665588299,0.9456934202047684,5,11.957522862000133,12.007857219000016
100,160,after,offline_popularity,classification,0.5,0.5,1,53,75,0.6641441723804543,0.6439810557950124,0.6515829154614451,0.8556386113706606,14,11.64462261799963,11.685470237999652
100,160,after,offline_popularity,classification,0.5,0.5,2,53,75,0.6960555262154365,0.6516122696982255,0.6703492540632272,0.8977864810994161,10,13.982705677000013,14.029159362999962
100,240,before,offline_popularity,classification,0.5,0.5,0,80,75,0.7198895774190177,0.6560694373413997,0.6842980218857406,0.927680612143496,14,61.26592030699976,61.38688874199988
100,240,after,offline_popularity,classification,0.5,0.5,0,80,75,0.7199538664990512,0.6543439339386279,0.6831626985419222,0.927680612143496,15,19.13910332999967,19.21843173599973
100,240,after,offline_popularity,classification,0.5,0.5,1,80,75,0.6754558380680717,0.6224953566924369,0.6453815931441362,0.8750484871993793,18,18.212092992999715,18.2670227120002
100,240,after,offline_popularity,classification,0.5,0.5,2,80,75,0.7326828207872699,0.6409466429556243,0.6817897362358896,0.9374016909162407,11,11.43592139700013,11.491771497000173
