num_voters,num_projects,setup,predictor,sample_degree,lv_degree,seed,k,num_tv,precision,recall,f1,fractional_allocation,symmetric_distance,pipeline_runtime,runtime
100,10,random,classification,0.5,0.5,0,3,75,0.6191111111111111,0.5922222222222222,0.5751851851851851,0.4095449500554939,3,12.199279065000155,12.21979107299967
100,10,random,classification,0.5,0.5,1,3,75,0.6728253968253969,0.7042857142857143,0.667007585007585,0.9369369369369368,0,2.084972153000308,2.095804498000234
100,10,random,classification,0.5,0.5,2,3,75,0.5780000000000001,0.5204444444444444,0.511068783068783,0.9932960893854748,0,1.537710896000135,1.56507171200019
100,10,random,matrix_factorization,0.5,0.5,0,3,75,0.6072380952380952,0.548,0.5281693121693122,0.9689234184239732,0,0.33428977199992,0.3472678220000489
100,10,random,matrix_factorization,0.5,0.5,1,3,75,0.6646031746031746,0.7806349206349206,0.6725259925259925,0.9369369369369368,0,0.0685532920001605,0.0834883160000572
100,10,random,matrix_factorization,0.5,0.5,2,3,75,0.4985079365079365,0.594,0.5093256373256373,0.4519553072625698,2,0.0692355219998717,0.0828690350003853
100,10,random,factorization_machines,0.5,0.5,0,3,75,0.6653333333333333,0.5717777777777777,0.5776825396825397,0.9689234184239732,0,0.1956366500003241,0.2109676969998872
100,10,random,factorization_machines,0.5,0.5,1,3,75,0.6413650793650794,0.6961587301587302,0.6343631923631924,0.9369369369369368,0,0.0631524220002575,0.0849306269997214
100,10,random,factorization_machines,0.5,0.5,2,3,75,0.5348888888888889,0.5442222222222222,0.5071265031265031,0.9932960893854748,0,0.0644447169997874,0.0827157829999123
100,10,offline_popularity,classification,0.5,0.5,0,3,75,0.4466666666666666,0.3655555555555556,0.3806666666666666,0.9689234184239732,0,1.9733470380001563,2.011040764999961
100,10,offline_popularity,classification,0.5,0.5,1,3,75,0.5806666666666667,0.5519047619047619,0.5213323713323713,0.4763513513513513,4,1.3431047280000712,1.3666652950000753
100,10,offline_popularity,classification,0.5,0.5,2,3,75,0.6522222222222221,0.5326666666666667,0.5600952380952381,0.9932960893854748,0,1.585052350999831,1.6014207529997293
100,10,offline_popularity,matrix_factorization,0.5,0.5,0,3,75,0.0697777777777777,0.1133333333333333,0.0804444444444444,0.9689234184239732,0,0.0612416459998712,0.0722905650000029
100,10,offline_popularity,matrix_factorization,0.5,0.5,1,3,75,0.5372698412698413,0.6546031746031746,0.5323098383098384,0.384009009009009,5,0.0643725580002865,0.0814490160000787
100,10,offline_popularity,matrix_factorization,0.5,0.5,2,3,75,0.3055555555555556,0.2997777777777778,0.2615661375661375,0.9932960893854748,0,0.0657405369997832,0.0823100920001707
100,10,offline_popularity,factorization_machines,0.5,0.5,0,3,75,0.5333333333333333,0.3957777777777778,0.3975873015873016,0.9689234184239732,0,0.0440301060002639,0.0647589840000364
100,10,offline_popularity,factorization_machines,0.5,0.5,1,3,75,0.5566666666666666,0.4887301587301587,0.474056758056758,0.9369369369369368,0,0.0404590490002192,0.0569839029999457
100,10,offline_popularity,factorization_machines,0.5,0.5,2,3,75,0.6133333333333333,0.528,0.5330158730158729,0.9932960893854748,0,0.044061572999908,0.0543487169998115
100,10,offline_consensus,classification,0.5,0.5,0,3,75,0.5533333333333333,0.2573333333333333,0.331015873015873,0.4095449500554939,3,1.7848917979999896,1.7969565789999251
100,10,offline_consensus,classification,0.5,0.5,1,3,75,0.5806666666666667,0.5519047619047619,0.5213323713323713,0.4763513513513513,4,1.3178696099998888,1.3470037920001232
100,10,offline_consensus,classification,0.5,0.5,2,3,75,0.7066666666666667,0.5877777777777778,0.624021164021164,0.9932960893854748,0,1.7126086829998712,1.733712910000122
100,10,offline_consensus,matrix_factorization,0.5,0.5,0,3,75,0.587968253968254,0.4873333333333333,0.4528292448292448,0.3523862375138735,3,0.0978926040002079,0.1206555939997997
100,10,offline_consensus,matrix_factorization,0.5,0.5,1,3,75,0.5372698412698413,0.6546031746031746,0.5323098383098384,0.384009009009009,5,0.0618221859999721,0.078372660000241
100,10,offline_consensus,matrix_factorization,0.5,0.5,2,3,75,0.3703492063492063,0.6462222222222223,0.4605749805749806,0.9932960893854748,0,0.0616067000000839,0.0817534929997236
100,10,offline_consensus,factorization_machines,0.5,0.5,0,3,75,0.5673333333333332,0.5724444444444444,0.5368571428571428,0.3523862375138735,3,0.1434061650002149,0.1619897259997742
100,10,offline_consensus,factorization_machines,0.5,0.5,1,3,75,0.5566666666666666,0.4887301587301587,0.474056758056758,0.9369369369369368,0,0.0528613619999305,0.0671522359998562
100,10,offline_consensus,factorization_machines,0.5,0.5,2,3,75,0.4257777777777777,0.3962222222222222,0.3936613756613756,0.9932960893854748,0,0.0447944739999002,0.0700031659998785
100,10,offline_controversiality,classification,0.5,0.5,0,3,75,0.7055555555555555,0.7106666666666667,0.6751216931216931,0.4095449500554939,3,2.0369037890000072,2.0564505890001783
100,10,offline_controversiality,classification,0.5,0.5,1,3,75,0.7344444444444445,0.8493968253968254,0.7639941539941539,0.9369369369369368,0,1.5153394809999554,1.539209681000102
100,10,offline_controversiality,classification,0.5,0.5,2,3,75,0.4355555555555555,0.4048888888888889,0.4069100529100529,0.9932960893854748,0,1.6355646279998837,1.6529915149999397
100,10,offline_controversiality,matrix_factorization,0.5,0.5,0,3,75,0.6324444444444444,0.5926666666666667,0.5592804232804233,0.4095449500554939,3,0.0625777159998506,0.0828281660001266
100,10,offline_controversiality,matrix_factorization,0.5,0.5,1,3,75,0.736095238095238,0.8161904761904762,0.7336234876234876,0.9369369369369368,0,0.0492842370003927,0.0690399280001656
100,10,offline_controversiality,matrix_factorization,0.5,0.5,2,3,75,0.4351111111111111,0.4333333333333333,0.3724126984126984,0.9932960893854748,0,0.1323981769996862,0.1528653929999563
100,10,offline_controversiality,factorization_machines,0.5,0.5,0,3,75,0.5777777777777778,0.6335555555555555,0.5755873015873015,0.9689234184239732,0,0.097034381999947,0.1149844800002029
100,10,offline_controversiality,factorization_machines,0.5,0.5,1,3,75,0.7001587301587301,0.772952380952381,0.7171427831427831,0.9369369369369368,0,0.0866504059999897,0.110263185000349
100,10,offline_controversiality,factorization_machines,0.5,0.5,2,3,75,0.4464444444444445,0.496,0.4462029822029822,0.9932960893854748,0,0.059677467000256,0.0778891199997815
100,10,online_adaptive_controversial,classification,0.5,0.5,0,3,75,0.604,0.6684444444444444,0.5883492063492063,0.9689234184239732,0,1.8081008909998677,1.829594370999985
100,10,online_adaptive_controversial,classification,0.5,0.5,1,3,75,0.7337777777777778,0.8607301587301587,0.7706611166611166,0.9369369369369368,0,1.9522126019996904,1.967697785999917
100,10,online_adaptive_controversial,classification,0.5,0.5,2,3,75,0.5388888888888889,0.4988888888888889,0.4899153439153439,0.9932960893854748,0,2.2668300320001435,2.283498946999771
100,10,online_adaptive_controversial,matrix_factorization,0.5,0.5,0,3,75,0.634888888888889,0.6148888888888889,0.5674603174603174,0.9689234184239732,0,0.0974772680001478,0.1132589570001982
100,10,online_adaptive_controversial,matrix_factorization,0.5,0.5,1,3,75,0.7075873015873015,0.8570793650793651,0.7555668775668775,0.9369369369369368,0,0.0957825669997873,0.122399046999817
100,10,online_adaptive_controversial,matrix_factorization,0.5,0.5,2,3,75,0.5688888888888889,0.4355555555555555,0.4321269841269841,0.9932960893854748,0,0.1201678890001858,0.1425182970001515
100,10,online_adaptive_controversial,factorization_machines,0.5,0.5,0,3,75,0.6673333333333333,0.6917777777777778,0.6423809523809524,0.9689234184239732,0,0.0970375870001589,0.1239670999998452
100,10,online_adaptive_controversial,factorization_machines,0.5,0.5,1,3,75,0.6967936507936507,0.7518095238095238,0.7041512561512562,0.9369369369369368,0,0.0821837459998278,0.1006413510003767
100,10,online_adaptive_controversial,factorization_machines,0.5,0.5,2,3,75,0.572,0.5495555555555556,0.5214920634920635,0.9932960893854748,0,0.0984379729998181,0.1281278329997803
100,20,random,classification,0.5,0.5,0,7,75,0.584079365079365,0.5788571428571428,0.5559237712178889,0.8181818181818182,3,2.2497495640000125,2.2670539999999164
100,20,random,classification,0.5,0.5,1,7,75,0.6007195767195767,0.5317936507936507,0.538029637029637,0.96,0,2.1091408699999192,2.132005177999872
100,20,random,classification,0.5,0.5,2,7,75,0.6004064454064455,0.6116445406445407,0.5821400726323327,0.3890603085553997,6,1.9202491440000813,1.9409474980002412
100,20,random,matrix_factorization,0.5,0.5,0,7,75,0.5454968734968735,0.7034021164021165,0.56864058817,0.966137888956681,0,0.1345712160000403,0.1644224379997467
100,20,random,matrix_factorization,0.5,0.5,1,7,75,0.6005608465608465,0.4285873015873016,0.4305274551156904,0.96,0,0.1943105279997325,0.2157784060000267
100,20,random,matrix_factorization,0.5,0.5,2,7,75,0.5964126984126984,0.5656604136604138,0.5130577549958355,0.6493688639551192,4,0.2181930760002615,0.2374033600003713
100,20,random,factorization_machines,0.5,0.5,0,7,75,0.5958095238095238,0.7388941798941798,0.634041699041699,0.6909701037217816,3,0.0758165180000105,0.0998682979998193
100,20,random,factorization_machines,0.5,0.5,1,7,75,0.6602222222222222,0.572047619047619,0.5806821326821328,0.96,0,0.0782417760001408,0.0980308479997802
100,20,random,factorization_machines,0.5,0.5,2,7,75,0.6622857142857143,0.675067821067821,0.6423521870859332,0.6493688639551192,4,0.0764068749999751,0.0976264910000281
100,20,offline_popularity,classification,0.5,0.5,0,7,75,0.4765396825396825,0.3523280423280423,0.3889565989565989,0.8923123856009763,2,2.3797490530000687,2.40181001100018
100,20,offline_popularity,classification,0.5,0.5,1,7,75,0.4467936507936508,0.4352698412698412,0.4248140008140008,0.7360583941605839,3,1.8837416500000472,1.9075981379996847
100,20,offline_popularity,classification,0.5,0.5,2,7,75,0.6056666666666666,0.5878768638768638,0.5654547215197371,0.6493688639551192,4,2.520923991000018,2.5419342379996124
100,20,offline_popularity,matrix_factorization,0.5,0.5,0,7,75,0.1951025641025641,0.1496825396825397,0.1474231389525507,0.966137888956681,0,0.0869644869999319,0.1082052399997337
100,20,offline_popularity,matrix_factorization,0.5,0.5,1,7,75,0.266047619047619,0.2155873015873015,0.1761480741480741,0.96,0,0.0914374139997562,0.1109118710000984
100,20,offline_popularity,matrix_factorization,0.5,0.5,2,7,75,0.3173121693121693,0.3581221741221741,0.300444855797797,0.6493688639551192,4,0.1130295749999277,0.143411905999983
100,20,offline_popularity,factorization_machines,0.5,0.5,0,7,75,0.4273333333333333,0.4192804232804233,0.4002180042180042,0.8181818181818182,3,0.0931665910002266,0.1153291689997786
100,20,offline_popularity,factorization_machines,0.5,0.5,1,7,75,0.5236084656084656,0.5573015873015873,0.5043679283679284,0.96,0,0.1756199609999384,0.1950717180002357
100,20,offline_popularity,factorization_machines,0.5,0.5,2,7,75,0.5508465608465608,0.5988292448292448,0.5291895727251764,0.844319775596073,3,0.0829665999999633,0.0978902879996894
100,20,offline_consensus,classification,0.5,0.5,0,7,75,0.6619365079365079,0.7193472823472824,0.6746682206682206,0.8181818181818182,3,2.1394388300000173,2.1612782010001865
100,20,offline_consensus,classification,0.5,0.5,1,7,75,0.5907777777777777,0.6012063492063492,0.5784178697119874,0.435912408759124,6,2.1640617409998413,2.186647615000311
100,20,offline_consensus,classification,0.5,0.5,2,7,75,0.644,0.7069090909090909,0.6573680857612746,0.6920056100981767,3,2.73269501599998,2.748777835000056
100,20,offline_consensus,matrix_factorization,0.5,0.5,0,7,75,0.562889332889333,0.8112924482924483,0.5937784318651192,0.8181818181818182,3,0.1653195500002766,0.1996133580000787
100,20,offline_consensus,matrix_factorization,0.5,0.5,1,7,75,0.4719413919413919,0.780978835978836,0.5362060483949029,0.96,0,0.1899613330001557,0.2369988720001856
100,20,offline_consensus,matrix_factorization,0.5,0.5,2,7,75,0.5167845487845487,0.6130610870610871,0.5085255292261618,0.6423562412342216,4,0.1091936739999255,0.1307147279999299
100,20,offline_consensus,factorization_machines,0.5,0.5,0,7,75,0.5744800384800385,0.7486748436748436,0.6292513608395961,0.4237339841366687,6,0.0677437989997997,0.0881526729999677
100,20,offline_consensus,factorization_machines,0.5,0.5,1,7,75,0.4789470899470899,0.6644444444444445,0.5302311609958669,0.4671532846715328,5,0.0693470119999801,0.0931598809997922
100,20,offline_consensus,factorization_machines,0.5,0.5,2,7,75,0.6126518666518667,0.6316960076960076,0.5935772282985906,0.7012622720897616,4,0.06871664900018,0.0925154000001384
100,20,offline_controversiality,classification,0.5,0.5,0,7,75,0.6074761904761904,0.5255555555555556,0.5422618862618862,0.966137888956681,0,2.4043815410000207,2.4201089759999377
100,20,offline_controversiality,classification,0.5,0.5,1,7,75,0.6970793650793651,0.7254920634920635,0.6942712842712843,0.96,0,1.9212949340003436,1.945714744999805
100,20,offline_controversiality,classification,0.5,0.5,2,7,75,0.6895238095238095,0.658042328042328,0.6515326596348268,0.6493688639551192,4,2.648174301000381,2.6748125770000115
100,20,offline_controversiality,matrix_factorization,0.5,0.5,0,7,75,0.6233089133089132,0.4659365079365079,0.4984284299578416,0.966137888956681,0,0.1136266980001892,0.1375188590000107
100,20,offline_controversiality,matrix_factorization,0.5,0.5,1,7,75,0.6152818662818663,0.561047619047619,0.5150582162935105,0.96,0,0.0886455230001956,0.1122722279997106
100,20,offline_controversiality,matrix_factorization,0.5,0.5,2,7,75,0.5861587301587302,0.5449100529100529,0.5320487100332302,0.7012622720897616,4,0.117130029999771,0.1481252500002483
100,20,offline_controversiality,factorization_machines,0.5,0.5,0,7,75,0.6542539682539682,0.5586984126984127,0.565965367965368,0.966137888956681,0,0.06190511900013,0.0867418500001804
100,20,offline_controversiality,factorization_machines,0.5,0.5,1,7,75,0.6191534391534391,0.6987936507936509,0.6279220779220779,0.96,0,0.0613879479997194,0.0797058220000508
100,20,offline_controversiality,factorization_machines,0.5,0.5,2,7,75,0.6767989417989417,0.6862857142857143,0.6621252231314151,0.844319775596073,3,0.0678183200002422,0.0897669639998639
100,20,online_adaptive_controversial,classification,0.5,0.5,0,7,75,0.6211746031746032,0.5383650793650794,0.5550930550930551,0.966137888956681,0,2.4565144880002663,2.480946084000152
100,20,online_adaptive_controversial,classification,0.5,0.5,1,7,75,0.6231746031746032,0.5871904761904762,0.5768006068006067,0.96,0,2.666290381000181,2.691680593000001
100,20,online_adaptive_controversial,classification,0.5,0.5,2,7,75,0.6911746031746031,0.6379153439153439,0.6465756879286291,0.6493688639551192,4,2.661891964000006,2.6873773140000594
100,20,online_adaptive_controversial,matrix_factorization,0.5,0.5,0,7,75,0.5785672105672106,0.435047619047619,0.4486521321815439,0.966137888956681,0,0.3318427459998929,0.3612003869998261
100,20,online_adaptive_controversial,matrix_factorization,0.5,0.5,1,7,75,0.6654285714285715,0.4580793650793651,0.4990275824393472,0.96,0,0.2196632320001299,0.2498845929999333
100,20,online_adaptive_controversial,matrix_factorization,0.5,0.5,2,7,75,0.6169365079365079,0.5590846560846561,0.5430798032376979,0.844319775596073,3,0.3191733550002027,0.3373226439998689
100,20,online_adaptive_controversial,factorization_machines,0.5,0.5,0,7,75,0.5178412698412698,0.5088888888888888,0.486983386983387,0.966137888956681,0,0.1813750309997885,0.2022969690001446
100,20,online_adaptive_controversial,factorization_machines,0.5,0.5,1,7,75,0.6275079365079365,0.5864126984126984,0.5782618122618123,0.96,0,0.1708281219998753,0.1946810579997873
100,20,online_adaptive_controversial,factorization_machines,0.5,0.5,2,7,75,0.6568730158730159,0.6540952380952381,0.6355560387325093,0.844319775596073,3,0.3811081339999873,0.4294953820003684
100,30,random,classification,0.5,0.5,0,10,75,0.6702577052577052,0.6768515928515928,0.6605207589785864,0.8259117082533589,3,2.8636537770003088,2.8909024539998427
100,30,random,classification,0.5,0.5,1,10,75,0.6443621933621934,0.604010471010471,0.6094593954377235,0.9812783661119516,0,3.091810735999843,3.1220077140001194
100,30,random,classification,0.5,0.5,2,10,75,0.663063862063862,0.6163099493099493,0.6254360836543095,0.6666666666666666,6,3.1523194040000817,3.177734809999947
100,30,random,matrix_factorization,0.5,0.5,0,10,75,0.6484296159636717,0.6074092944092944,0.5895978929554561,0.8259117082533589,3,0.140538566000032,0.1681915509998361
100,30,random,matrix_factorization,0.5,0.5,1,10,75,0.5863967513967514,0.5708685758685759,0.5451736897224312,0.9812783661119516,0,0.1544189999999616,0.1778848809999544
100,30,random,matrix_factorization,0.5,0.5,2,10,75,0.5322684907684908,0.4973442483442484,0.4606470563920558,0.7789226319595083,5,0.150729776999924,0.1681173310003032
100,30,random,factorization_machines,0.5,0.5,0,10,75,0.7274656084656085,0.6909085729085729,0.6980977748763454,0.8259117082533589,3,0.2032785989999865,0.2283538819997375
100,30,random,factorization_machines,0.5,0.5,1,10,75,0.6911963961963962,0.6771101861101861,0.6651696754808883,0.9812783661119516,0,0.096213544999955,0.1153240959997674
100,30,random,factorization_machines,0.5,0.5,2,10,75,0.7106782291782291,0.6638592518592519,0.6719346985704504,0.9936731742588576,0,0.1054399019999436,0.129693454000062
100,30,offline_popularity,classification,0.5,0.5,0,10,75,0.6115611055611055,0.5492901542901543,0.5557668995975632,0.9326295585412668,2,4.579184883999915,4.61208668800009
100,30,offline_popularity,classification,0.5,0.5,1,10,75,0.6231938431938432,0.5025935545935546,0.53109716954299,0.7906580937972768,4,2.878067683000154,2.9125123220001115
100,30,offline_popularity,classification,0.5,0.5,2,10,75,0.6502039442039442,0.5995270655270655,0.6125116591927737,0.574475777295734,9,2.603275754000151,2.631096250000155
100,30,offline_popularity,matrix_factorization,0.5,0.5,0,10,75,0.3942198389845448,0.3519315129315129,0.3270012318676473,0.798848368522073,3,0.1290567519999967,0.153487579999819
100,30,offline_popularity,matrix_factorization,0.5,0.5,1,10,75,0.2819024309024309,0.2404920634920634,0.2000612135425434,0.8150529500756429,2,0.164367731999846,0.189609284999733
100,30,offline_popularity,matrix_factorization,0.5,0.5,2,10,75,0.2516457148515972,0.3202370962370962,0.2306406844776746,0.8085683297180043,4,0.1246609999998327,0.1458637249997991
100,30,offline_popularity,factorization_machines,0.5,0.5,0,10,75,0.6053506493506493,0.5894020794020793,0.5781537948349094,0.8259117082533589,3,0.0881795730001613,0.1167954980001013
100,30,offline_popularity,factorization_machines,0.5,0.5,1,10,75,0.5724708994708995,0.5984343434343434,0.5631737431242075,0.8150529500756429,2,0.0787167139997109,0.1027755229997637
100,30,offline_popularity,factorization_machines,0.5,0.5,2,10,75,0.6287011507011506,0.6381750841750842,0.6011267434190574,0.685647143890094,7,0.0921958049998465,0.1142491470000095
100,30,offline_consensus,classification,0.5,0.5,0,10,75,0.6065531875531875,0.6317781847781848,0.6065714887946057,0.8226487523992323,4,2.1444363870000416,2.164795391000098
100,30,offline_consensus,classification,0.5,0.5,1,10,75,0.6667918377918378,0.6505777925777926,0.6481949095997555,0.8150529500756429,4,2.631917560000147,2.655860959000165
100,30,offline_consensus,classification,0.5,0.5,2,10,75,0.6867821067821068,0.718962000962001,0.6906850694949497,0.7208966015907448,5,3.0163881700000275,3.036911375999807
100,30,offline_consensus,matrix_factorization,0.5,0.5,0,10,75,0.5592822993999464,0.5471247271247272,0.5087238374295805,0.6884836852207293,5,0.1136844790003124,0.1383151449999786
100,30,offline_consensus,matrix_factorization,0.5,0.5,1,10,75,0.53508823265944,0.8263629333629333,0.6235422157492304,0.7906580937972768,4,0.342973640999844,0.367752362000374
100,30,offline_consensus,matrix_factorization,0.5,0.5,2,10,75,0.612857651979943,0.5824339734339734,0.5304606004202315,0.8085683297180043,4,0.1256593830003112,0.1490364850001242
100,30,offline_consensus,factorization_machines,0.5,0.5,0,10,75,0.6001075406075406,0.6260979020979021,0.5891986556849123,0.8222648752399232,3,0.0829830669999864,0.1141977689999294
100,30,offline_consensus,factorization_machines,0.5,0.5,1,10,75,0.6028007548007548,0.7153328523328524,0.6416574942786367,0.8150529500756429,4,0.0820819909999954,0.1023021860000881
100,30,offline_consensus,factorization_machines,0.5,0.5,2,10,75,0.6341776556776557,0.6005574425574426,0.5955023538217598,0.7156543745480839,7,0.0847929659998953,0.1053571200000078
100,30,offline_controversiality,classification,0.5,0.5,0,10,75,0.7051494801494801,0.7338441188441188,0.7116284935905342,0.8259117082533589,3,2.6870941900001526,2.709927767999943
100,30,offline_controversiality,classification,0.5,0.5,1,10,75,0.7085449735449735,0.5785310245310246,0.6235783116092714,0.9152798789712556,3,2.334728711000025,2.357440065999981
100,30,offline_controversiality,classification,0.5,0.5,2,10,75,0.7376363636363636,0.6551452621452621,0.6823904123774901,0.7789226319595083,5,2.1056353840003794,2.134324791000381
100,30,offline_controversiality,matrix_factorization,0.5,0.5,0,10,75,0.6893093322799205,0.5985742405742406,0.6118818366038091,0.8259117082533589,3,0.1193460120002782,0.1508482909998747
100,30,offline_controversiality,matrix_factorization,0.5,0.5,1,10,75,0.6646395641395642,0.4631635401635401,0.517326768683075,0.9568835098335856,2,0.1247314110000843,0.147097598000073
100,30,offline_controversiality,matrix_factorization,0.5,0.5,2,10,75,0.5927586901116313,0.3932005772005771,0.4385304197841643,0.7789226319595083,5,0.1206548140003178,0.1468415089998416
100,30,offline_controversiality,factorization_machines,0.5,0.5,0,10,75,0.6799894179894179,0.7084572094572095,0.6818680014222079,0.8259117082533589,3,0.0817745479998848,0.1096742740000991
100,30,offline_controversiality,factorization_machines,0.5,0.5,1,10,75,0.7193698893698894,0.624001443001443,0.6456255053531942,0.9152798789712556,3,0.088583447000019,0.1141620409998722
100,30,offline_controversiality,factorization_machines,0.5,0.5,2,10,75,0.7563830243830244,0.6751967291967292,0.6939735419304675,0.9936731742588576,0,0.1893131970000467,0.2172382220001054
100,30,online_adaptive_controversial,classification,0.5,0.5,0,10,75,0.7109822029822029,0.7268306878306878,0.7054742251013619,0.6614203454894434,6,3.585778802999812,3.611678106999989
100,30,online_adaptive_controversial,classification,0.5,0.5,1,10,75,0.6918465608465609,0.5457243867243867,0.5922050855920825,0.9812783661119516,0,3.366654092000317,3.3879323840001234
100,30,online_adaptive_controversial,classification,0.5,0.5,2,10,75,0.6720718540718541,0.627058016058016,0.6372924970912587,0.6946854663774403,7,2.9543067330000667,2.9780327110001963
100,30,online_adaptive_controversial,matrix_factorization,0.5,0.5,0,10,75,0.6686754226165991,0.6327493987493987,0.6203533797803911,0.8259117082533589,2,0.3893629350000083,0.4156078129999514
100,30,online_adaptive_controversial,matrix_factorization,0.5,0.5,1,10,75,0.7547549857549857,0.507060125060125,0.56351050199657,0.9152798789712556,3,0.3025089180000577,0.3452068579999832
100,30,online_adaptive_controversial,matrix_factorization,0.5,0.5,2,10,75,0.5026866331123298,0.5367091797091796,0.4715313362870278,0.6946854663774403,7,0.4478593829999227,0.4762396970004374
100,30,online_adaptive_controversial,factorization_machines,0.5,0.5,0,10,75,0.7217365412365412,0.7032409812409812,0.6951430190784074,0.8259117082533589,2,0.3737668550002126,0.4077761009998539
100,30,online_adaptive_controversial,factorization_machines,0.5,0.5,1,10,75,0.7259288119288119,0.6162491582491583,0.6420262020476046,0.9812783661119516,0,0.2573901460000343,0.2863813039998604
100,30,online_adaptive_controversial,factorization_machines,0.5,0.5,2,10,75,0.6785281385281385,0.6396873126873127,0.6405227576688877,0.7630151843817787,7,0.2574176370003442,0.2795119920001525
100,40,random,classification,0.5,0.5,0,13,75,0.6390260523789936,0.6044999096763803,0.6126693092018765,0.953396059982358,3,3.60435704199972,3.626601454000138
100,40,random,classification,0.5,0.5,1,13,75,0.6692250897250897,0.6124708204305728,0.6285593887058879,0.7917928528164748,7,2.8481568600000173,2.870592221000152
100,40,random,classification,0.5,0.5,2,13,75,0.6465358835064717,0.6134576327811622,0.6216904442122573,0.8119523057032035,4,3.693307210000057,3.7247408160001214
100,40,random,matrix_factorization,0.5,0.5,0,13,75,0.6285707515223825,0.5726384258443082,0.5541045887884475,0.8184357541899442,4,0.1715959489997658,0.2001086949999262
100,40,random,matrix_factorization,0.5,0.5,1,13,75,0.6557950465427246,0.5528066462834265,0.5612662195993625,0.7057843731072078,9,0.3302627739999479,0.3620683230001305
100,40,random,matrix_factorization,0.5,0.5,2,13,75,0.6381806395222064,0.5688282251517546,0.5577208933254463,0.9117942824306852,3,0.2815755110000282,0.3163108650001049
100,40,random,factorization_machines,0.5,0.5,0,13,75,0.7390580236756707,0.6865467234290764,0.6990952377378392,0.8184357541899442,4,0.1318356789997778,0.161191830000007
100,40,random,factorization_machines,0.5,0.5,1,13,75,0.746523236023236,0.6454385721490985,0.6767352246759653,0.9409448818897638,3,0.2256978080004046,0.2659148560001085
100,40,random,factorization_machines,0.5,0.5,2,13,75,0.7221523401492442,0.6963252792958676,0.6953573819241661,0.9945410142220944,0,0.132961043999785,0.161947611999949
100,40,offline_popularity,classification,0.5,0.5,0,13,75,0.6544005624005623,0.595217405687994,0.6140742022789951,0.8184357541899442,5,2.759416941999916,2.779322005999802
100,40,offline_popularity,classification,0.5,0.5,1,13,75,0.643052466052466,0.5162114367114367,0.5526292684533542,0.846305269533616,6,2.2753768600000512,2.297439497999676
100,40,offline_popularity,classification,0.5,0.5,2,13,75,0.6843873163873164,0.6432175928646517,0.6533751011742013,0.7175693147536274,7,3.060704452000209,3.083870062999722
100,40,offline_popularity,matrix_factorization,0.5,0.5,0,13,75,0.4446533773082434,0.3323346620699562,0.2891847333666953,0.8184357541899442,5,0.1928914939999231,0.2196247070000936
100,40,offline_popularity,matrix_factorization,0.5,0.5,1,13,75,0.3757035580976757,0.260544437044437,0.2445695618737436,0.7917928528164748,6,0.1495497770001748,0.1790723350000007
100,40,offline_popularity,matrix_factorization,0.5,0.5,2,13,75,0.4673007345251927,0.3267818989289577,0.3169706500445018,0.7727338026145669,5,0.1557187319999684,0.2064993540002433
100,40,offline_popularity,factorization_machines,0.5,0.5,0,13,75,0.6135750730750731,0.6072990604167074,0.5919504332050767,0.8541605410173478,2,0.11141641300037,0.1442460230000506
100,40,offline_popularity,factorization_machines,0.5,0.5,1,13,75,0.558168531903826,0.4983058793058793,0.4944644154605056,0.762113870381587,7,0.1120486439999695,0.1389460909999798
100,40,offline_popularity,factorization_machines,0.5,0.5,2,13,75,0.6114719453806141,0.6241461784402961,0.601875952387784,0.8119523057032035,5,0.105229908000183,0.1371518629998718
100,40,offline_consensus,classification,0.5,0.5,0,13,75,0.6617427668650578,0.6524328026634528,0.648166859802908,0.8184357541899442,4,10.079719924000074,10.149212863999765
100,40,offline_consensus,classification,0.5,0.5,1,13,75,0.6827961543100862,0.6631562723482228,0.6558849186815152,0.914900060569352,3,7.942877381000017,7.999919302000308
100,40,offline_consensus,classification,0.5,0.5,2,13,75,0.7214697165579519,0.6969915182856359,0.7035218813634896,0.7175693147536274,5,7.954692115999933,7.99172432000023
100,40,offline_consensus,matrix_factorization,0.5,0.5,0,13,75,0.5530538631937519,0.531281415752004,0.4825859698799515,0.8184357541899442,4,0.2464175430000068,0.2821865589999106
100,40,offline_consensus,matrix_factorization,0.5,0.5,1,13,75,0.5330901584775816,0.8168516467479315,0.6240132035667519,0.7288007268322229,8,0.3206763289999799,0.3467719489999581
100,40,offline_consensus,matrix_factorization,0.5,0.5,2,13,75,0.5386386435058621,0.4947647156764804,0.4496804502623108,0.6293635971843126,7,0.3279455580000103,0.3891050430001996
100,40,offline_consensus,factorization_machines,0.5,0.5,0,13,75,0.6091352031181753,0.6099761009544291,0.5939039867685391,0.6499558953249044,8,0.1755084729998088,0.2003336449997732
100,40,offline_consensus,factorization_machines,0.5,0.5,1,13,75,0.6385181168870764,0.7569529315427149,0.6775122185545719,0.762113870381587,7,0.181577672000003,0.2426847340002496
100,40,offline_consensus,factorization_machines,0.5,0.5,2,13,75,0.5990287101734807,0.5781121166415285,0.5711693552468844,0.6293635971843126,7,0.1639893569999913,0.1927585889998226
100,40,offline_controversiality,classification,0.5,0.5,0,13,75,0.7003420555479379,0.6855561725855843,0.6832492100777166,0.8901793590120552,3,4.003208831000393,4.027181593000023
100,40,offline_controversiality,classification,0.5,0.5,1,13,75,0.6952338772338772,0.6088061742179389,0.6407413606323913,0.914900060569352,2,3.67464406299996,3.709377550999761
100,40,offline_controversiality,classification,0.5,0.5,2,13,75,0.7061093166093166,0.7185797447593113,0.7040224515968951,0.6273523918977159,9,5.855468535999989,5.891015358999994
100,40,offline_controversiality,matrix_factorization,0.5,0.5,0,13,75,0.6536630036903963,0.6542595933478287,0.6332778354809862,0.8184357541899442,4,0.3975704619997486,0.4275693959998534
100,40,offline_controversiality,matrix_factorization,0.5,0.5,1,13,75,0.6356968562838128,0.5416296078649019,0.5406775783472617,0.8950635978195033,4,0.3206420299998171,0.3547232130003976
100,40,offline_controversiality,matrix_factorization,0.5,0.5,2,13,75,0.6040964847360055,0.6680419006518078,0.6067071462356647,0.7672748168366614,5,0.7466243869998834,0.8159266200000275
100,40,offline_controversiality,factorization_machines,0.5,0.5,0,13,75,0.7117666054275962,0.6870975527740234,0.6831428181183643,0.888268156424581,5,0.4455884939998213,0.5240636750004342
100,40,offline_controversiality,factorization_machines,0.5,0.5,1,13,75,0.6705643844173256,0.6701332229861641,0.6542863942634812,0.8950635978195033,4,0.2938000609997289,0.3452683320001597
100,40,offline_controversiality,factorization_machines,0.5,0.5,2,13,75,0.6735666793933048,0.6999561039235962,0.6765786833158167,0.6273523918977159,9,0.4133063720000791,0.4635330279998015
100,40,online_adaptive_controversial,classification,0.5,0.5,0,13,75,0.7203225588194628,0.7015216711393183,0.7041475329681602,0.8541605410173478,4,10.58935482600009,10.62425550900025
100,40,online_adaptive_controversial,classification,0.5,0.5,1,13,75,0.7273183853183853,0.6125976800976801,0.6550321137833632,0.914900060569352,2,4.4290459710000505,4.462811478999811
100,40,online_adaptive_controversial,classification,0.5,0.5,2,13,75,0.7119736387337006,0.726007466160717,0.7088461118269395,0.7843700617727338,5,4.715119768000022,4.75344728500022
100,40,online_adaptive_controversial,matrix_factorization,0.5,0.5,0,13,75,0.66369882450997,0.6393486437309966,0.6280794187083368,0.8541605410173478,3,0.671851591000177,0.7126610739996977
100,40,online_adaptive_controversial,matrix_factorization,0.5,0.5,1,13,75,0.67477354975033,0.5864343249343249,0.5822255852734789,0.914900060569352,2,0.6447951789996296,0.7101511209998534
100,40,online_adaptive_controversial,matrix_factorization,0.5,0.5,2,13,75,0.6163718544035545,0.6805162045270404,0.6105690498301803,0.7155581094670306,8,0.6826345839999703,0.7199192509997374
100,40,online_adaptive_controversial,factorization_machines,0.5,0.5,0,13,75,0.7205344742403567,0.7093109472227119,0.7035455474985668,0.8901793590120552,3,0.5301541510002608,0.5658049949997803
100,40,online_adaptive_controversial,factorization_machines,0.5,0.5,1,13,75,0.6994967744673627,0.6688094498094498,0.6693962091418587,0.914900060569352,2,0.4442167890001656,0.4768630429998666
100,40,online_adaptive_controversial,factorization_machines,0.5,0.5,2,13,75,0.695027847167166,0.7250182185662062,0.6993437541602416,0.8235885648613704,5,0.4895885050000288,0.5200971809999828
100,60,random,classification,0.5,0.5,0,20,75,0.6629531325120009,0.6649674801091108,0.6576336336668079,0.9308724175070988,5,9.276006943000084,9.319694159999926
100,60,random,classification,0.5,0.5,1,20,75,0.6533654311368674,0.656547300899098,0.6498454118215894,0.9302729782230856,2,4.75219319100006,4.790549523000209
100,60,random,classification,0.5,0.5,2,20,75,0.6870046617536455,0.705860077043337,0.6902187895982969,0.8537190082644628,5,5.194308372999785,5.258674444999997
100,60,random,matrix_factorization,0.5,0.5,0,20,75,0.6639285034640412,0.6847854352615222,0.6528491514117322,0.962302947224126,3,0.3523035479997816,0.3916896820001057
100,60,random,matrix_factorization,0.5,0.5,1,20,75,0.6578095590784313,0.6710017370767809,0.6468802807676355,0.8102443512933238,7,0.4527807829999801,0.4973394830003599
100,60,random,matrix_factorization,0.5,0.5,2,20,75,0.6853091791146759,0.6533590199702044,0.6471262549268042,0.9162190082644628,3,0.4743724530003419,0.5288532260001375
100,60,random,factorization_machines,0.5,0.5,0,20,75,0.7431930536271318,0.7735293317070031,0.7523268484501248,0.9170664838930774,5,0.2832576670002709,0.3248448059998736
100,60,random,factorization_machines,0.5,0.5,1,20,75,0.7418255401169238,0.7659491405305782,0.7458733431832373,0.836110827113792,6,0.2613487250000617,0.3115818340002079
100,60,random,factorization_machines,0.5,0.5,2,20,75,0.7724253995197887,0.7606700754329618,0.7612794592819091,0.9162190082644628,3,0.2252799930001856,0.2982862970002315
100,60,offline_popularity,classification,0.5,0.5,0,20,75,0.6821091365622258,0.6168179025323998,0.6412952480258682,0.9761088808381476,2,4.557667937000133,4.601023784000063
100,60,offline_popularity,classification,0.5,0.5,1,20,75,0.6193360727206467,0.6113274247825331,0.6065000943376444,0.8461302525304161,4,6.116853113999696,6.148210199999994
100,60,offline_popularity,classification,0.5,0.5,2,20,75,0.677386284699382,0.6206496240382362,0.6361378902166024,0.8866735537190082,5,4.997963930999958,5.059347306999825
100,60,offline_popularity,matrix_factorization,0.5,0.5,0,20,75,0.4933597324956593,0.4046624734129782,0.3887284753596242,0.9761088808381476,2,0.3954308200000014,0.4493979100002434
100,60,offline_popularity,matrix_factorization,0.5,0.5,1,20,75,0.5035246275613081,0.3840763500345543,0.3991408116639609,0.7906144565995297,7,0.2458460969996849,0.2789547219999804
100,60,offline_popularity,matrix_factorization,0.5,0.5,2,20,75,0.6026993222430235,0.3903066184300536,0.4162613777748065,0.8930785123966942,3,0.3300795010000001,0.3632811100001163
100,60,offline_popularity,factorization_machines,0.5,0.5,0,20,75,0.6681367162498539,0.6807108277049723,0.6619013825942908,0.9308724175070988,4,0.2139707749997796,0.2576411620002545
100,60,offline_popularity,factorization_machines,0.5,0.5,1,20,75,0.6170235600313,0.6528695925104594,0.6240099239840569,0.8488907064717309,5,0.1815771440001299,0.2168943599999693
100,60,offline_popularity,factorization_machines,0.5,0.5,2,20,75,0.6936706157260875,0.7152173095272436,0.6915917028113622,0.9035123966942148,3,0.146757319000244,0.1773258470002474
100,60,offline_consensus,classification,0.5,0.5,0,20,75,0.6752647832689921,0.6588024962538894,0.6606956796806174,0.8906295897385685,4,4.681122611999854,4.724719040999844
100,60,offline_consensus,classification,0.5,0.5,1,20,75,0.6550675713770882,0.6698621745962169,0.6561257600813442,0.7868316123095798,9,4.55032246599967,4.595159922000221
100,60,offline_consensus,classification,0.5,0.5,2,20,75,0.6872865719677224,0.7137669785591982,0.6926948805781517,0.7992768595041322,7,5.855277559000115,5.90030889100035
100,60,offline_consensus,matrix_factorization,0.5,0.5,0,20,75,0.5733737051649715,0.6598966266823717,0.5871306260546193,0.8127876236169588,8,0.2531065670000316,0.2906189919999633
100,60,offline_consensus,matrix_factorization,0.5,0.5,1,20,75,0.5837638404516897,0.5114165590903913,0.5048861836710846,0.8102443512933238,7,0.2400751240002137,0.2659414499999002
100,60,offline_consensus,matrix_factorization,0.5,0.5,2,20,75,0.5876517823983773,0.5484593148693836,0.5361114905582366,0.5178719008264463,15,0.2487862230000246,0.2868585989999701
100,60,offline_consensus,factorization_machines,0.5,0.5,0,20,75,0.6488796867091732,0.6684738815887153,0.6482703473493607,0.8315871927934985,7,0.1798997900000358,0.2204044830000384
100,60,offline_consensus,factorization_machines,0.5,0.5,1,20,75,0.6304239429864144,0.6280375331801903,0.6164000329364597,0.7922502811573459,9,0.1691908099996908,0.202224612000009
100,60,offline_consensus,factorization_machines,0.5,0.5,2,20,75,0.6921231424483545,0.6915812361212819,0.673787152970716,0.9973140495867768,0,0.2712794939998275,0.3147046929998396
100,60,offline_controversiality,classification,0.5,0.5,0,20,75,0.7629791700410088,0.7500505860486611,0.7523285397449638,0.8495055321648879,5,4.571997270000338,4.602686803999859
100,60,offline_controversiality,classification,0.5,0.5,1,20,75,0.7147550775852028,0.7329139557191785,0.7202976790274036,0.9044065024026172,4,6.542106600999887,6.59126046099982
100,60,offline_controversiality,classification,0.5,0.5,2,20,75,0.7632765255338767,0.7825608085959233,0.7678791599347661,0.9162190082644628,3,4.385243775000163,4.422410329000286
100,60,offline_controversiality,matrix_factorization,0.5,0.5,0,20,75,0.7280820150136077,0.6506573679319854,0.6676787530152982,0.8048565553706061,7,0.3146731110000473,0.3441491749999841
100,60,offline_controversiality,matrix_factorization,0.5,0.5,1,20,75,0.6840442809532592,0.6801392839797067,0.6681304717234431,0.8423474082404662,5,0.8700380740001492,0.9493875020002632
100,60,offline_controversiality,matrix_factorization,0.5,0.5,2,20,75,0.6994252694914067,0.7376583401314905,0.7006658756557473,0.8866735537190082,4,0.9029927089995908,0.9900999789997512
100,60,offline_controversiality,factorization_machines,0.5,0.5,0,20,75,0.7816488499316202,0.7108519961003651,0.7338393779502073,0.6597473807891903,12,0.6564409940001497,0.751367000999835
100,60,offline_controversiality,factorization_machines,0.5,0.5,1,20,75,0.6637592968982927,0.686777093847359,0.668528279334989,0.8336570902770678,6,0.609113200000138,0.7050207830002364
100,60,offline_controversiality,factorization_machines,0.5,0.5,2,20,75,0.7621864141784338,0.7721502439707267,0.7594504148160329,0.8930785123966942,3,0.6263050339998699,0.7187295980002091
100,60,online_adaptive_controversial,classification,0.5,0.5,0,20,75,0.7366016161913994,0.7178825880647581,0.7225324401433648,0.9052188387349456,6,17.907468452000103,17.977265548000105
100,60,online_adaptive_controversial,classification,0.5,0.5,1,20,75,0.7102707927375717,0.7553899644379789,0.726787492324983,0.8747571822921991,6,12.305204814999795,12.390987588999906
100,60,online_adaptive_controversial,classification,0.5,0.5,2,20,75,0.7472725741312227,0.7747964620249167,0.7555667541217325,0.8050619834710744,6,11.850913579000007,11.94640278199995
100,60,online_adaptive_controversial,matrix_factorization,0.5,0.5,0,20,75,0.7268667649890227,0.6966108558553081,0.6996728205629847,0.962302947224126,4,2.1246759330001623,2.2236356769999475
100,60,online_adaptive_controversial,matrix_factorization,0.5,0.5,1,20,75,0.7111888034212438,0.7370566059631479,0.7115114914250888,0.8488907064717309,5,1.5335376059997543,1.5857773879997694
100,60,online_adaptive_controversial,matrix_factorization,0.5,0.5,2,20,75,0.7031937249885291,0.740383106262366,0.7068972473185394,0.8172520661157024,6,1.4501522949999526,1.5382189859997195
100,60,online_adaptive_controversial,factorization_machines,0.5,0.5,0,20,75,0.7928711552776704,0.770516890184818,0.7741674448194832,0.9170664838930774,5,1.4812266389999422,1.565458726000088
100,60,online_adaptive_controversial,factorization_machines,0.5,0.5,1,20,75,0.7479323750767013,0.7729522411212275,0.7530040449466332,0.929148348839587,3,1.403815877999932,1.4774829800003315
100,60,online_adaptive_controversial,factorization_machines,0.5,0.5,2,20,75,0.7810515868347525,0.7848721145537564,0.7784720512223929,0.7978305785123967,6,1.352741609000077,1.4632824149998669
100,80,random,classification,0.5,0.5,0,27,75,0.6927845046247941,0.6736459009702266,0.6788434662956488,0.8179882160857528,9,14.61208565600009,14.723766793999856
100,80,random,classification,0.5,0.5,1,27,75,0.6856612943562848,0.662485920175597,0.6700675139515402,0.789244731118278,12,9.318897848999768,9.41235041500022
100,80,random,classification,0.5,0.5,2,27,75,0.6895803056743595,0.6579272342461955,0.669028577199908,0.8782734856728328,5,8.567411859000003,8.62072620400022
100,80,random,matrix_factorization,0.5,0.5,0,27,75,0.719381822202754,0.6757286136902386,0.672435912986651,0.7567260594874707,12,0.6595010289997845,0.7164262820001568
100,80,random,matrix_factorization,0.5,0.5,1,27,75,0.695547962414502,0.670486168097311,0.6653370118965322,0.8154953873846846,9,0.3535721719999856,0.409724327999811
100,80,random,matrix_factorization,0.5,0.5,2,27,75,0.7017073842015297,0.6261135285124788,0.6414354259486337,0.8113891911498005,8,0.3109543900000062,0.3517071450000912
100,80,random,factorization_machines,0.5,0.5,0,27,75,0.7916507809024378,0.7910625415385898,0.7863104275277121,0.7567260594874707,11,0.212083867000274,0.2565121630000249
100,80,random,factorization_machines,0.5,0.5,1,27,75,0.7909172463894445,0.7901114208918694,0.7836906626614389,0.851571289282232,8,0.2494797139997899,0.2870842769998489
100,80,random,factorization_machines,0.5,0.5,2,27,75,0.7752416130246788,0.7382058959909138,0.7510731132061021,0.8996010155966631,4,0.2805265490001147,0.3115007010001136
100,80,offline_popularity,classification,0.5,0.5,0,27,75,0.698301693684661,0.6260341414781939,0.6550920727359814,0.7135656988712997,14,5.898578606000228,5.946923465000054
100,80,offline_popularity,classification,0.5,0.5,1,27,75,0.6963927653543303,0.6026750098011817,0.639950137344212,0.8991224780619516,6,4.557121006000216,4.592597752000074
100,80,offline_popularity,classification,0.5,0.5,2,27,75,0.648774367598072,0.5617765676415136,0.5937584781278012,0.9682263329706202,3,4.441540122999868,4.484313443999781
100,80,offline_popularity,matrix_factorization,0.5,0.5,0,27,75,0.5971421244357146,0.387221766575276,0.4149327033277482,0.8107474976929083,10,0.4394018180000785,0.4842624349998914
100,80,offline_popularity,matrix_factorization,0.5,0.5,1,27,75,0.6152357241807608,0.2784095955669189,0.3392480905220242,0.87827195679892,6,0.301603779999823,0.3429990310000903
100,80,offline_popularity,matrix_factorization,0.5,0.5,2,27,75,0.4646459311150195,0.3059173440679065,0.3108604847010238,0.904316285817918,5,0.4068197010001313,0.438985668999976
100,80,offline_popularity,factorization_machines,0.5,0.5,0,27,75,0.6585046282981842,0.6732286382078554,0.6549318838464498,0.7599914815077731,13,0.1766797740001493,0.2215259240001614
100,80,offline_popularity,factorization_machines,0.5,0.5,1,27,75,0.6739298516955824,0.6946783493421556,0.6742255610847957,0.9177229430735768,5,0.2098717950002537,0.2383628049997241
100,80,offline_popularity,factorization_machines,0.5,0.5,2,27,75,0.6240606937443879,0.6339873522062063,0.6125073605786827,0.8835690968443961,8,0.2052730170003087,0.2330796290002581
100,80,offline_consensus,classification,0.5,0.5,0,27,75,0.7014861775403674,0.6649030659500427,0.6782207022074626,0.6307233619649322,16,6.397190300999682,6.444081072999779
100,80,offline_consensus,classification,0.5,0.5,1,27,75,0.7026836418137726,0.6842424929255015,0.68977730602035,0.8406210155253881,9,4.658852865999961,4.704801937999946
100,80,offline_consensus,classification,0.5,0.5,2,27,75,0.6934746590989481,0.6393836015065054,0.6597429477793739,0.8520856002901704,6,4.666167113000029,4.72135899199975
100,80,offline_consensus,matrix_factorization,0.5,0.5,0,27,75,0.6129368093427634,0.5751931555402493,0.5646535188399927,0.6797046922694683,15,0.3599246700000549,0.3988973699997586
100,80,offline_consensus,matrix_factorization,0.5,0.5,1,27,75,0.5942096723367822,0.537295064462168,0.5337689053076823,0.7474686867171679,11,0.2657553300000472,0.3030367500000466
100,80,offline_consensus,matrix_factorization,0.5,0.5,2,27,75,0.6303047369528443,0.5381726471427583,0.545647344771943,0.817120058034095,8,0.3701784599998063,0.4046640299998216
100,80,offline_consensus,factorization_machines,0.5,0.5,0,27,75,0.7028615546454734,0.6886688602440008,0.6847206266400574,0.6699794136437851,16,0.2864970000000539,0.3279470400002537
100,80,offline_consensus,factorization_machines,0.5,0.5,1,27,75,0.6973369628117355,0.6697110234577861,0.6691532213317348,0.7185929648241206,14,0.1778424300000551,0.2132387999999991
100,80,offline_consensus,factorization_machines,0.5,0.5,2,27,75,0.6841675463680177,0.6450453211180781,0.6516949391096092,0.8734131302140007,6,0.2437805700001263,0.2849844600000324
100,80,offline_controversiality,classification,0.5,0.5,0,27,75,0.7428173171567564,0.7421739556287522,0.7395250564693473,0.7063959679136793,11,4.603662898999573,4.64092970899992
100,80,offline_controversiality,classification,0.5,0.5,1,27,75,0.7511853727462668,0.727521638833842,0.7354226452503295,0.8197704942623566,7,5.207264990000112,5.244187686999794
100,80,offline_controversiality,classification,0.5,0.5,2,27,75,0.7153627359665341,0.7002440910652514,0.704530815566796,0.9286906057308668,3,5.17120510399991,5.207609221999974
100,80,offline_controversiality,matrix_factorization,0.5,0.5,0,27,75,0.6956157543095529,0.6683428970742593,0.6718543449644553,0.6991552495208349,14,0.4096162140003798,0.4517226689999916
100,80,offline_controversiality,matrix_factorization,0.5,0.5,1,27,75,0.6880630171944212,0.6520772501437244,0.6615167582907527,0.7947198679966999,9,0.3333813109998118,0.3670795980001458
100,80,offline_controversiality,matrix_factorization,0.5,0.5,2,27,75,0.6745707511052977,0.6126466318578102,0.6312080609929606,0.9286906057308668,3,0.2471896160000142,0.2819198600000163
100,80,offline_controversiality,factorization_machines,0.5,0.5,0,27,75,0.7780513863972496,0.7551365828543004,0.7600582264762782,0.8168524171221694,7,0.1627797700002702,0.1908805550001489
100,80,offline_controversiality,factorization_machines,0.5,0.5,1,27,75,0.7757722669810729,0.7634893660306455,0.7619348204022772,0.8766219155478887,6,0.1810612660001425,0.2197625170001629
100,80,offline_controversiality,factorization_machines,0.5,0.5,2,27,75,0.7245125872592215,0.7576608600227855,0.7333952587138022,0.9286906057308668,3,0.1754186510002,0.2093518290002975
100,80,online_adaptive_controversial,classification,0.5,0.5,0,27,75,0.7497691306502836,0.7432289109591217,0.7435505553368514,0.8316178036487542,9,5.389553418000105,5.429831323000144
100,80,online_adaptive_controversial,classification,0.5,0.5,1,27,75,0.7650766650973547,0.7420468939337784,0.7493163322111871,0.8766219155478887,6,4.896139657999811,4.941260592999697
100,80,online_adaptive_controversial,classification,0.5,0.5,2,27,75,0.7294226953058128,0.7110824975936635,0.7165348260592251,0.9286906057308668,3,5.03188344299997,5.064879422000104
100,80,online_adaptive_controversial,matrix_factorization,0.5,0.5,0,27,75,0.7058516887396196,0.7056716417243191,0.6923343985548209,0.7595655568964294,10,1.3046190390000447,1.3416401230001611
100,80,online_adaptive_controversial,matrix_factorization,0.5,0.5,1,27,75,0.7114646977727788,0.6847523640661514,0.6906926328339245,0.996324908122703,0,1.1907289589998982,1.2254980600000636
100,80,online_adaptive_controversial,matrix_factorization,0.5,0.5,2,27,75,0.7024507673282165,0.6649691603090623,0.6708879423054448,0.8782734856728328,5,1.2854086649999772,1.346246820000033
100,80,online_adaptive_controversial,factorization_machines,0.5,0.5,0,27,75,0.7891036832741334,0.7892106869205603,0.7844947825001205,0.8370128487257755,8,1.4388761620002697,1.5070721280003454
100,80,online_adaptive_controversial,factorization_machines,0.5,0.5,1,27,75,0.7830806277141014,0.7758009525651088,0.7735580651270179,0.996324908122703,0,1.1335566039997502,1.1706159020000086
100,80,online_adaptive_controversial,factorization_machines,0.5,0.5,2,27,75,0.7488517766056069,0.7855446271476505,0.7616094200282663,0.9286906057308668,3,1.115220371000305,1.1521945639997284
100,120,random,classification,0.5,0.5,0,40,75,0.705731361208475,0.7088987569018879,0.704376641135,0.931291070738307,6,5.305660394999904,5.356647121999686
100,120,random,classification,0.5,0.5,1,40,75,0.684537679870864,0.6979055057059163,0.689280020729647,0.8947063089195069,7,8.112662034000095,8.157698725000046
100,120,random,classification,0.5,0.5,2,40,75,0.6917291153962529,0.7051296295524703,0.6964304442337466,0.9031721845130904,8,7.142583496000043,7.187061923999863
100,120,random,matrix_factorization,0.5,0.5,0,40,75,0.7451018400361744,0.710377619697109,0.7153733253237796,0.9081948202551218,7,0.3913483209998958,0.4395371710002109
100,120,random,matrix_factorization,0.5,0.5,1,40,75,0.720782265360089,0.7114120335917405,0.7057464920897263,0.8969784868262025,9,0.5725130740001987,0.6129297060001591
100,120,random,matrix_factorization,0.5,0.5,2,40,75,0.7362557777548329,0.7478463979377475,0.7321267270239729,0.922011358913977,6,0.8933090790001188,0.9732778259999576
100,120,random,factorization_machines,0.5,0.5,0,40,75,0.8055192496304596,0.8006999691748251,0.7999681282644493,0.9897564746810978,2,0.4425574990000314,0.525776851000046
100,120,random,factorization_machines,0.5,0.5,1,40,75,0.8049247363284215,0.7945635497990605,0.7964544605103476,0.925163161711385,4,0.3632100429999809,0.4576216369996473
100,120,random,factorization_machines,0.5,0.5,2,40,75,0.8077743392275876,0.8162356618292125,0.8093803425737727,0.9316156439026644,6,0.4694139329999416,0.5273970939997525
100,120,offline_popularity,classification,0.5,0.5,0,40,75,0.6888459403034863,0.670054817724571,0.6750307983505177,0.9685929648241206,5,6.846955071999673,6.9035089250000965
100,120,offline_popularity,classification,0.5,0.5,1,40,75,0.6946450714799373,0.644130446704052,0.6657180905019311,0.9420836354846508,6,6.87301029199989,6.915232848999949
100,120,offline_popularity,classification,0.5,0.5,2,40,75,0.7091281269907358,0.6605118139015794,0.6794651551289683,0.9292607471025536,6,7.206928548000178,7.253036555000108
100,120,offline_popularity,matrix_factorization,0.5,0.5,0,40,75,0.6362605913171869,0.5046934441023389,0.5173842997357864,0.829870506378044,13,0.3579958159998568,0.4047650819998125
100,120,offline_popularity,matrix_factorization,0.5,0.5,1,40,75,0.6189620565129929,0.3361499833525373,0.3541293910108908,0.9104665216340344,9,0.4253299239999251,0.4700569679998807
100,120,offline_popularity,matrix_factorization,0.5,0.5,2,40,75,0.6714917357422711,0.5206096544901279,0.5656775451780489,0.8605531698757908,12,0.489061023999966,0.5385580739998659
100,120,offline_popularity,factorization_machines,0.5,0.5,0,40,75,0.6797663416047259,0.7655299155884395,0.7131648628904301,0.829870506378044,13,0.2663469819999591,0.3194109870000829
100,120,offline_popularity,factorization_machines,0.5,0.5,1,40,75,0.6462041759224029,0.7305795770589651,0.6749295456280662,0.8385786802030457,12,0.2328736519998528,0.2770808309996937
100,120,offline_popularity,factorization_machines,0.5,0.5,2,40,75,0.7182817385950938,0.7797648527293805,0.7436472359227059,0.9308768527496885,8,0.2344000699999924,0.3641418950001025
100,120,offline_consensus,classification,0.5,0.5,0,40,75,0.7069744605257375,0.7066371473239599,0.7041515650418062,0.8591032083494395,10,4.981917173000056,5.019907525000235
100,120,offline_consensus,classification,0.5,0.5,1,40,75,0.7052301977413553,0.6918306887740027,0.695980645906722,0.8725163161711385,11,4.68382457000007,4.732445450000341
100,120,offline_consensus,classification,0.5,0.5,2,40,75,0.7035597108757561,0.7128918160472082,0.7053851453949168,0.8605531698757908,12,7.72655303800002,7.768602310000006
100,120,offline_consensus,matrix_factorization,0.5,0.5,0,40,75,0.6707455845717566,0.6559910829605003,0.6401186339083644,0.8994008504058756,8,0.351404931000161,0.4020377320002808
100,120,offline_consensus,matrix_factorization,0.5,0.5,1,40,75,0.6098800374085617,0.6583583146321527,0.6150518845128111,0.7372008701957941,19,0.4361952690001089,0.4820874259999073
100,120,offline_consensus,matrix_factorization,0.5,0.5,2,40,75,0.6460162276999974,0.6631610487873268,0.6356206010769052,0.740776654199566,19,0.4660380300001634,0.5068081710001024
100,120,offline_consensus,factorization_machines,0.5,0.5,0,40,75,0.7538029215992583,0.7536181497957074,0.7466853870973429,0.9617800541167376,5,0.3786345879998407,0.4251229000001331
100,120,offline_consensus,factorization_machines,0.5,0.5,1,40,75,0.689886895745262,0.7157944844118664,0.6958950967809844,0.841527677060672,14,0.2535994710001432,0.2986839879999934
100,120,offline_consensus,factorization_machines,0.5,0.5,2,40,75,0.7384720611293951,0.7536579878278011,0.7409617398487965,0.8413907743454773,12,0.2468777750000299,0.2884352569999464
100,120,offline_controversiality,classification,0.5,0.5,0,40,75,0.7555254033907653,0.7591640144221913,0.7550867536176915,0.9208059528411288,7,4.949144633999822,4.99228428699962
100,120,offline_controversiality,classification,0.5,0.5,1,40,75,0.7647866857079034,0.7458750281355355,0.7535940711753847,0.9015711868503746,6,5.440978371000256,5.485633717000383
100,120,offline_controversiality,classification,0.5,0.5,2,40,75,0.757881546504776,0.7745915579184105,0.7639321736195127,0.8653091379230734,11,6.764860065999983,6.803907760000129
100,120,offline_controversiality,matrix_factorization,0.5,0.5,0,40,75,0.7429104114419899,0.7414911498697163,0.7341418850180689,0.9099342868187088,9,0.418564583999796,0.4656974800000171
100,120,offline_controversiality,matrix_factorization,0.5,0.5,1,40,75,0.7172060580486946,0.6492289622713745,0.6762079448919738,0.830891950688905,13,0.4349506150001616,0.4788265309998678
100,120,offline_controversiality,matrix_factorization,0.5,0.5,2,40,75,0.729988792747168,0.7399065009759149,0.7264562223176889,0.870342152652722,10,0.488449237000168,0.5268810879997545
100,120,offline_controversiality,factorization_machines,0.5,0.5,0,40,75,0.7770994557429519,0.7748215293456436,0.7717388575661427,0.9053440278314652,5,0.365581213999576,0.4137936030001583
100,120,offline_controversiality,factorization_machines,0.5,0.5,1,40,75,0.7853930279959452,0.7496277369872826,0.7637767787278866,0.9504955281605028,3,0.2381462550001742,0.2898866599998655
100,120,offline_controversiality,factorization_machines,0.5,0.5,2,40,75,0.8052945869684276,0.8042381606960108,0.8014042431563898,0.9439903957150112,5,0.355393181999716,0.3995056000003387
100,120,online_adaptive_controversial,classification,0.5,0.5,0,40,75,0.7540627530370891,0.7639832744639584,0.757084499578932,0.903652879783533,7,6.437191623999752,6.476945636999517
100,120,online_adaptive_controversial,classification,0.5,0.5,1,40,75,0.7560067276995045,0.7408194045972138,0.7463756932908914,0.9545080976553058,2,6.4531936270004735,6.501184240999464
100,120,online_adaptive_controversial,classification,0.5,0.5,2,40,75,0.7608535368275556,0.7478506504416293,0.7514932344281239,0.9151313663018884,7,6.0162014569996245,6.0549190799993085
100,120,online_adaptive_controversial,matrix_factorization,0.5,0.5,0,40,75,0.7511591628210531,0.7673236785829842,0.753388644393559,0.9050057982218788,7,1.9222028260001025,1.9693631950003687
100,120,online_adaptive_controversial,matrix_factorization,0.5,0.5,1,40,75,0.7389396536965875,0.7016856652894089,0.7126176745229114,0.8947063089195069,6,1.9604326190001304,2.005586299999777
100,120,online_adaptive_controversial,matrix_factorization,0.5,0.5,2,40,75,0.745419016818458,0.7379668044292568,0.7340868444875278,0.8943528651244401,8,1.8378966629998104,1.8829718169999976
100,120,online_adaptive_controversial,factorization_machines,0.5,0.5,0,40,75,0.7964115553526789,0.7954931102935856,0.7930157369314224,0.965742172400464,4,2.0069115120004426,2.0518696099998124
100,120,online_adaptive_controversial,factorization_machines,0.5,0.5,1,40,75,0.7985525368099577,0.7695488012055361,0.7789897562467161,0.9545080976553058,2,1.6953700499998376,1.7393502349996195
100,120,online_adaptive_controversial,factorization_machines,0.5,0.5,2,40,75,0.8045172567220592,0.7924559647121815,0.7946891588080405,0.9415431500207784,5,1.7634146790005616,1.8116790559997755
100,160,random,classification,0.5,0.5,0,53,75,0.7104467518133608,0.7062679634250755,0.7064394401883514,0.911899477339443,10,20.075482946000193,20.113363778999883
100,160,random,classification,0.5,0.5,1,53,75,0.6838921187694401,0.7159106300300845,0.6974473122670116,0.9265075828361964,9,12.611828770000102,12.649721303999286
100,160,random,classification,0.5,0.5,2,53,75,0.7048970198504498,0.7079110448373391,0.7048617167732443,0.8863866839178934,12,12.505741339999986,12.650777490999644
100,160,random,matrix_factorization,0.5,0.5,0,53,75,0.7798196470748495,0.7628850169171276,0.766648333821118,0.9339872556740889,7,0.9029409260001557,0.9431424220001645
100,160,random,matrix_factorization,0.5,0.5,1,53,75,0.7167253873314228,0.741399415916246,0.7227876433387218,0.9265075828361964,10,0.5242693299996972,0.5609220559999812
100,160,random,matrix_factorization,0.5,0.5,2,53,75,0.7603521449653066,0.7490009918424566,0.7486371032199106,0.9448893240549708,5,0.49336744300035207,0.5314220899999782
100,160,random,factorization_machines,0.5,0.5,0,53,75,0.8308590180538293,0.820912165444655,0.824087626994888,0.9567910073745257,6,0.6554408390002209,0.7075538910003161
100,160,random,factorization_machines,0.5,0.5,1,53,75,0.8004859282315097,0.8210357583606103,0.8085678100037462,0.9311075972112413,7,0.4273363909996988,0.46464261999972223
100,160,random,factorization_machines,0.5,0.5,2,53,75,0.8228594436730414,0.8140633081868848,0.8162319176560725,0.9389096758401231,8,0.33963305599991145,0.376938008000252
100,160,offline_popularity,classification,0.5,0.5,0,53,75,0.6926553472395972,0.6596200551945461,0.6740066764906988,0.9393570559175198,8,9.565945553000347,9.610327458000029
100,160,offline_popularity,classification,0.5,0.5,1,53,75,0.6735963829058117,0.6446098300201594,0.6565600328951876,0.8867246460145188,11,5.871814527999959,5.9078961340001115
100,160,offline_popularity,classification,0.5,0.5,2,53,75,0.699868657480136,0.6483428637328607,0.6704872276670525,0.9025422247088856,11,9.297543517999657,9.337844095999571
100,160,offline_popularity,matrix_factorization,0.5,0.5,0,53,75,0.65302530001783,0.4980859328206805,0.5211737481541361,0.8297415336149495,17,0.5921203450006942,0.6349153840001236
100,160,offline_popularity,matrix_factorization,0.5,0.5,1,53,75,0.5358089552606997,0.33793000363965126,0.34049209527218294,0.9115575361173004,9,0.5285599549997642,0.5704307509995488
100,160,offline_popularity,matrix_factorization,0.5,0.5,2,53,75,0.7084300064237987,0.4540105494431891,0.5232833541110365,0.8850578732034828,13,0.5884702630000902,0.6291788390008151
100,160,offline_popularity,factorization_machines,0.5,0.5,0,53,75,0.6790277875880925,0.7703689395352691,0.7120468386686883,0.8443831889453712,14,0.31921421500010183,0.3598598150001635
100,160,offline_popularity,factorization_machines,0.5,0.5,1,53,75,0.6098235963475966,0.7376867730363689,0.6552991168536461,0.7258319557248616,25,0.32343726599992806,0.363914241999737
100,160,offline_popularity,factorization_machines,0.5,0.5,2,53,75,0.694288592043285,0.7590142046275025,0.7205139525895002,0.89275098786586,12,0.41831107100006193,0.45997351500045625
100,160,offline_consensus,classification,0.5,0.5,0,53,75,0.7161592725448467,0.712986321992125,0.7130791003432517,0.9086059998568053,12,9.70871945700037,9.752930739000476
100,160,offline_consensus,classification,0.5,0.5,1,53,75,0.6803932981900616,0.7048517389959407,0.6905759312791349,0.8038525120391001,19,8.502367140999922,8.55834051399961
100,160,offline_consensus,classification,0.5,0.5,2,53,75,0.7331630315841619,0.7340774431307484,0.7323279247811294,0.8551246634262335,15,6.9143712409995715,6.954207990000214
100,160,offline_consensus,matrix_factorization,0.5,0.5,0,53,75,0.6819331398501896,0.6409080702872011,0.6486093697416528,0.6938855874561466,28,0.4531465840000237,0.4889668999994683
100,160,offline_consensus,matrix_factorization,0.5,0.5,1,53,75,0.6031512096481785,0.6209838917577293,0.6023700713444841,0.7070365844893265,28,0.5380165919996216,0.5800073020000127
100,160,offline_consensus,matrix_factorization,0.5,0.5,2,53,75,0.6758649020973181,0.5571643029668624,0.5958256847689697,0.8043501066545442,22,0.7287270019996868,0.7662089590003234
100,160,offline_consensus,factorization_machines,0.5,0.5,0,53,75,0.7556727078838935,0.7643275828413917,0.7559836554869236,0.8342521658194315,17,0.3108967099997244,0.351521190999847
100,160,offline_consensus,factorization_machines,0.5,0.5,1,53,75,0.6967133757807803,0.7141982712345134,0.6947165034438627,0.8412995040609502,16,0.3125065659996835,0.3538144550002471
100,160,offline_consensus,factorization_machines,0.5,0.5,2,53,75,0.7571563700814611,0.721891232511302,0.7337289187418967,0.8644263384271077,15,0.3138508259999071,0.3606449150001936
100,160,offline_controversiality,classification,0.5,0.5,0,53,75,0.766550361834276,0.7877816674696972,0.7760107472991719,0.9001933128087635,12,6.818079038999713,6.866339059999518
100,160,offline_controversiality,classification,0.5,0.5,1,53,75,0.7312676932753223,0.7660509381695616,0.747153886245967,0.8091712786602459,16,7.365086134000194,7.418541105999793
100,160,offline_controversiality,classification,0.5,0.5,2,53,75,0.7780458115029312,0.7980492035692881,0.7866895081878702,0.8825401265867049,11,6.209809584000141,6.246829462999813
100,160,offline_controversiality,matrix_factorization,0.5,0.5,0,53,75,0.7391357880006159,0.7673838923443601,0.7497298026387748,0.8827235626834682,13,0.6761401989997466,0.7153138869998656
100,160,offline_controversiality,matrix_factorization,0.5,0.5,1,53,75,0.7007293917310792,0.7251918174045797,0.7103209087779015,0.7929993531229785,19,0.5628502290001052,0.6024241699997219
100,160,offline_controversiality,matrix_factorization,0.5,0.5,2,53,75,0.7393587897884375,0.7866491559938587,0.758583877248277,0.8638668391789348,16,0.630429255999843,0.6717699959999663
100,160,offline_controversiality,factorization_machines,0.5,0.5,0,53,75,0.7883245668167587,0.7793321863843448,0.7809528624213914,0.8745256676451636,11,0.48934629399991536,0.5298819190002177
100,160,offline_controversiality,factorization_machines,0.5,0.5,1,53,75,0.7542859893607149,0.7427497657310769,0.7432095929008233,0.8754402357507367,12,0.4891876649999176,0.5436585349998495
100,160,offline_controversiality,factorization_machines,0.5,0.5,2,53,75,0.7939826483535145,0.8059405970936188,0.7967267257053395,0.8831345945378886,12,0.36388189300032536,0.4072212439996292
100,160,online_adaptive_controversial,classification,0.5,0.5,0,53,75,0.7759579219698145,0.7838963267140253,0.7783590109460342,0.9434023054342379,6,7.373793382999793,7.413698186999682
100,160,online_adaptive_controversial,classification,0.5,0.5,1,53,75,0.7232967381783517,0.7567897479465442,0.7383175703868613,0.9043700136562927,9,10.697810130000107,10.736505186000613
100,160,online_adaptive_controversial,classification,0.5,0.5,2,53,75,0.7716294896622938,0.7876475143743207,0.7783298582116613,0.9012483826974858,10,7.192225641999357,7.229143200999715
100,160,online_adaptive_controversial,matrix_factorization,0.5,0.5,0,53,75,0.766436773721382,0.8034394858083569,0.7820645346338504,0.9166607002219518,11,1.412946018999719,1.45049753100011
100,160,online_adaptive_controversial,matrix_factorization,0.5,0.5,1,53,75,0.725883636869599,0.7531340243900759,0.7365296046552837,0.87389491842162,12,1.3305786629998693,1.3727776430005179
100,160,online_adaptive_controversial,matrix_factorization,0.5,0.5,2,53,75,0.771713421145126,0.7907196440804407,0.7778263201443986,0.9308668741476379,8,1.3573963369999547,1.393057098999634
100,160,online_adaptive_controversial,factorization_machines,0.5,0.5,0,53,75,0.8135754900133289,0.8086979851662617,0.808835150513367,0.872234552874633,12,1.0579843529994832,1.0931295229993339
100,160,online_adaptive_controversial,factorization_machines,0.5,0.5,1,53,75,0.779985758128075,0.7877100240654088,0.7810404026485614,0.9469920218500683,6,1.326644681000289,1.3686816689996704
100,160,online_adaptive_controversial,factorization_machines,0.5,0.5,2,53,75,0.8151450111843009,0.8150139014234778,0.8130014473113509,0.9441549812917439,6,1.0330712610002593,1.0710416870006156
100,240,random,classification,0.5,0.5,0,80,75,0.699129723201208,0.697284536861173,0.6970958279834512,0.8760310046705754,21,16.242697169000166,16.29759505399943
100,240,random,classification,0.5,0.5,1,80,75,0.6949724259729929,0.7049394092572425,0.6988030356883702,0.8795820403413499,18,18.007096661000105,18.083626489999915
100,240,random,classification,0.5,0.5,2,80,75,0.7137774755098322,0.7074553294206455,0.7094444462036217,0.8229699174203696,24,16.689062909999848,16.753678213000057
100,240,random,matrix_factorization,0.5,0.5,0,80,75,0.7947109035220098,0.8051666957349293,0.7972491709779185,0.9374441021564146,10,1.616233695000119,1.6979013080008372
100,240,random,matrix_factorization,0.5,0.5,1,80,75,0.7903104052872785,0.8103918047487977,0.7974864577748187,0.9188081846392553,13,1.4642989239991948,1.5596255709997422
100,240,random,matrix_factorization,0.5,0.5,2,80,75,0.7918436799275038,0.7897675718734618,0.7880971519338819,0.9043698387731026,14,1.2805370490004861,1.4084997509999084
100,240,random,factorization_machines,0.5,0.5,0,80,75,0.8196373467011336,0.8299335302468335,0.8239382390309548,0.9374441021564146,11,0.703830217000359,0.8077611010003238
100,240,random,factorization_machines,0.5,0.5,1,80,75,0.8173162197613058,0.8252654086439638,0.819559256393092,0.9237781225756401,13,0.7391287899999952,0.913047387000006
100,240,random,factorization_machines,0.5,0.5,2,80,75,0.8274099384739393,0.8180571049887702,0.8214861271263529,0.9416781360597719,8,0.5882129609999538,0.6813813349999691
100,240,offline_popularity,classification,0.5,0.5,0,80,75,0.7230073315013256,0.6719042237449758,0.6944000562852121,0.8997813773228659,16,10.190507715999956,10.242235255000196
100,240,offline_popularity,classification,0.5,0.5,1,80,75,0.672912149506219,0.6259633032192382,0.6460527576411812,0.8924796353762606,16,15.362549198999659,15.418312024999977
100,240,offline_popularity,classification,0.5,0.5,2,80,75,0.7334568648368464,0.6411726481877865,0.6821179700336434,0.9391958316948485,9,10.29255201199976,10.345429259999946
100,240,offline_popularity,matrix_factorization,0.5,0.5,0,80,75,0.7592972730315953,0.5405132262080645,0.6121550916088193,0.8988124813673855,14,1.0685365869994712,1.2153825599998527
100,240,offline_popularity,matrix_factorization,0.5,0.5,1,80,75,0.62661052813671,0.3979295126599732,0.41347775176473706,0.9319967028704422,12,0.8985968189999767,0.9584464939998725
100,240,offline_popularity,matrix_factorization,0.5,0.5,2,80,75,0.7229369334060981,0.5170306261639209,0.5851816727006431,0.8499557609123083,19,0.8265913119994366,0.883248005000496
100,240,offline_popularity,factorization_machines,0.5,0.5,0,80,75,0.6815232218891328,0.7564686722317272,0.7105433699892166,0.8688512372056046,21,0.45865957000023627,0.5115611139999601
100,240,offline_popularity,factorization_machines,0.5,0.5,1,80,75,0.622210625357863,0.7541035932105516,0.6632858928135007,0.8229732350659426,26,0.5257797470003425,0.586457739999787
100,240,offline_popularity,factorization_machines,0.5,0.5,2,80,75,0.6781188147285261,0.7547161156490664,0.7106556205884382,0.8971195438458514,13,0.48633922199951485,0.5408942399999432
100,240,offline_consensus,classification,0.5,0.5,0,80,75,0.7314262056247233,0.7200876762987072,0.7242363961701452,0.8478088045314518,22,18.144891395999366,18.199209464999512
100,240,offline_consensus,classification,0.5,0.5,1,80,75,0.6788867533799001,0.69204678611982,0.6837598314227177,0.8014206749418153,28,14.441653382000368,14.501980897999601
100,240,offline_consensus,classification,0.5,0.5,2,80,75,0.7296605116366042,0.7194858854233831,0.7234619160183012,0.7924695241840346,29,14.982332462999693,15.0375038760003
100,240,offline_consensus,matrix_factorization,0.5,0.5,0,80,75,0.681402669510259,0.6518366233251869,0.6583301703956131,0.7010831759912551,41,0.7993205299999318,0.8546690250004758
100,240,offline_consensus,matrix_factorization,0.5,0.5,1,80,75,0.6084669711594284,0.62798866592504,0.6110622198052804,0.6399825446082235,53,0.7359997189996648,0.7868437059996722
100,240,offline_consensus,matrix_factorization,0.5,0.5,2,80,75,0.6561563408262008,0.713525095328073,0.6774869956310358,0.6750393236335037,48,0.7627584490001027,0.8129662670007747
100,240,offline_consensus,factorization_machines,0.5,0.5,0,80,75,0.738259527029226,0.7421171440510768,0.7367622529713862,0.7744211467753155,33,0.48147116400014056,0.5330565029998979
100,240,offline_consensus,factorization_machines,0.5,0.5,1,80,75,0.6941594911309643,0.6844768946201858,0.6842257918232736,0.7941960822342902,32,0.5032920690000537,0.5605321929997444
100,240,offline_consensus,factorization_machines,0.5,0.5,2,80,75,0.7456309088681234,0.7501531352766272,0.7442978385294435,0.8349390483680692,24,0.7625717939999959,0.8186096350000298
100,240,offline_controversiality,classification,0.5,0.5,0,80,75,0.774523410699103,0.774696266322611,0.7734902413103159,0.8601808605783564,19,15.217182349999348,15.27543504500045
100,240,offline_controversiality,classification,0.5,0.5,1,80,75,0.7536916350438541,0.7521159099644567,0.7517095517053342,0.8864429790535299,17,10.539396631000272,10.595054581999648
100,240,offline_controversiality,classification,0.5,0.5,2,80,75,0.7875961214547978,0.774226859030122,0.779943940239604,0.8488989382618954,23,10.05643943999985,10.108951707000415
100,240,offline_controversiality,matrix_factorization,0.5,0.5,0,80,75,0.7625474487771423,0.7769018657547001,0.7674325051246794,0.8220709529961244,26,0.7648675260006712,0.8287046859995826
100,240,offline_controversiality,matrix_factorization,0.5,0.5,1,80,75,0.7186237650195962,0.7524196325242949,0.7328841755510737,0.8275552754072925,28,0.7403167369993753,0.7932197079999241
100,240,offline_controversiality,matrix_factorization,0.5,0.5,2,80,75,0.7671425559419406,0.7721667776360984,0.7679200092549362,0.8548466378293355,23,0.7284636160002265,0.7776793150005687
100,240,offline_controversiality,factorization_machines,0.5,0.5,0,80,75,0.7959226601506527,0.8027529510204426,0.7976551744666905,0.9220659842989168,12,0.46440358299969375,0.5209783620002781
100,240,offline_controversiality,factorization_machines,0.5,0.5,1,80,75,0.7682700994213505,0.7599285172024133,0.7613166025713053,0.8975223041117145,16,0.4395527159995254,0.49107146599999396
100,240,offline_controversiality,factorization_machines,0.5,0.5,2,80,75,0.805646882643345,0.795802452544065,0.7985972363601058,0.950599685410932,7,0.44082252199950744,0.4920336570003201
100,240,online_adaptive_controversial,classification,0.5,0.5,0,80,75,0.7737628723461892,0.7746966254484381,0.7734338421247037,0.8782420749279539,18,20.996879809999882,21.061798112999895
100,240,online_adaptive_controversial,classification,0.5,0.5,1,80,75,0.7630258948972297,0.7615176183924661,0.7614595647862132,0.9059348332040341,16,13.46219113799998,13.52522611799941
100,240,online_adaptive_controversial,classification,0.5,0.5,2,80,75,0.7894415622862689,0.7878644674122431,0.7877339949015094,0.8791289815178922,19,13.07430512800056,13.162614568999743
100,240,online_adaptive_controversial,matrix_factorization,0.5,0.5,0,80,75,0.8044230414550305,0.8142790553671516,0.8076082235569589,0.8576965119745603,20,2.6777178379998077,2.7360821659995054
100,240,online_adaptive_controversial,matrix_factorization,0.5,0.5,1,80,75,0.7724896431125722,0.7889512586273087,0.7789492519512304,0.9123593871217999,14,2.3175572440004544,2.380896878000385
100,240,online_adaptive_controversial,matrix_factorization,0.5,0.5,2,80,75,0.7925718004366528,0.8071304667164982,0.798228594864891,0.9016171844278411,16,2.667177950000223,2.719232970000121
100,240,online_adaptive_controversial,factorization_machines,0.5,0.5,0,80,75,0.815334534969469,0.8164348738772373,0.8145790551402976,0.9273328033389645,12,2.091987165000319,2.1429032899995946
100,240,online_adaptive_controversial,factorization_machines,0.5,0.5,1,80,75,0.7939355096998466,0.804234732792754,0.7973950775548208,0.9393182699767262,11,2.1678263249996235,2.2289611559999685
100,240,online_adaptive_controversial,factorization_machines,0.5,0.5,2,80,75,0.8089575174805634,0.8090267146102033,0.8069996914810489,0.9091869838773102,14,1.8993422109997482,1.9502022039996518
100,320,random,classification,0.5,0.5,0,107,75,0.6964188794291232,0.6980912954653496,0.696152585202482,0.8960796747360961,21,16.580850558999373,16.649892389999877
100,320,random,classification,0.5,0.5,1,107,75,0.6943801320629621,0.7047898548627944,0.6986278306851551,0.9445451854044853,13,29.66288243100007,29.74614609799937
100,320,random,classification,0.5,0.5,2,107,75,0.7025108853045507,0.6846304670723975,0.6927120070273907,0.8785403363439376,19,24.2904314590005,24.36602381299963
100,320,random,matrix_factorization,0.5,0.5,0,107,75,0.8013499034753543,0.7877177476888089,0.7921860401685703,0.9482822932597262,9,1.6561796790001608,1.7381015419996402
100,320,random,matrix_factorization,0.5,0.5,1,107,75,0.8018385034612647,0.795171934482243,0.7969209180330444,0.952039079268744,10,1.4628320680003526,1.5611016650000238
100,320,random,matrix_factorization,0.5,0.5,2,107,75,0.8160650689595959,0.7955565627825149,0.8038112268181641,0.9259813227482789,14,1.1518549229995187,1.2316264989995034
100,320,random,factorization_machines,0.5,0.5,0,107,75,0.823337618877584,0.8125109959833887,0.8166615102711646,0.9535603715170279,8,0.8615012660002321,0.9437384130005739
100,320,random,factorization_machines,0.5,0.5,1,107,75,0.8241932674769678,0.8271976520305125,0.8249826401707667,0.9787580489971135,5,0.651888622000115,0.7299575119996007
100,320,random,factorization_machines,0.5,0.5,2,107,75,0.8314771758373425,0.8171397980908238,0.8233564686149722,0.9375443440909701,14,0.6250972239995463,0.695218350999312
100,320,offline_popularity,classification,0.5,0.5,0,107,75,0.6990077976239187,0.6383721726702956,0.6660631783433667,0.8930023499571039,21,24.578152836999834,24.649744683999415
100,320,offline_popularity,classification,0.5,0.5,1,107,75,0.7131620784544462,0.63438569000257,0.670264186971822,0.9379209532973133,14,21.617618846999903,21.686848643999838
100,320,offline_popularity,classification,0.5,0.5,2,107,75,0.7309397486729913,0.6487233906288971,0.6858644498130926,0.9485704423862394,12,24.73884782300047,24.80740682400028
100,320,offline_popularity,matrix_factorization,0.5,0.5,0,107,75,0.7562464194494218,0.40146168455639164,0.4963106509331588,0.9037263605505613,19,1.6590768240002944,1.7488535620004768
100,320,offline_popularity,matrix_factorization,0.5,0.5,1,107,75,0.765028306274796,0.44937423753614836,0.5271684234914805,0.931259714306861,17,1.4735611010000866,1.5427952119998736
100,320,offline_popularity,matrix_factorization,0.5,0.5,2,107,75,0.7709541081568857,0.4353265499504104,0.528676965778702,0.9328462674260293,15,1.0486402579999776,1.1210560630006512
100,320,offline_popularity,factorization_machines,0.5,0.5,0,107,75,0.6906055663415895,0.7487472936719405,0.7150286493029676,0.8790704614122123,24,0.7874084069999299,0.8666633849998107
100,320,offline_popularity,factorization_machines,0.5,0.5,1,107,75,0.6830648158268294,0.7661072509552229,0.7174553723490941,0.9160128783953816,17,0.8274932379999882,0.9905981310002971
100,320,offline_popularity,factorization_machines,0.5,0.5,2,107,75,0.6886361094893249,0.751587614237147,0.7138255229857854,0.9389441791788913,13,0.6808117589998801,0.7751761609997629
100,320,offline_consensus,classification,0.5,0.5,0,107,75,0.7149539132874694,0.7276561086376884,0.7202323889843604,0.8910813532768846,24,23.73344397299934,23.805690845000754
100,320,offline_consensus,classification,0.5,0.5,1,107,75,0.6839252286532574,0.6872575299976049,0.6845988737995587,0.8420546221597217,31,21.336804304999532,21.40302688200063
100,320,offline_consensus,classification,0.5,0.5,2,107,75,0.7376370611671017,0.7194795850399891,0.7278800431562163,0.8760283035149283,26,13.342006553999454,13.436811812000087
100,320,offline_consensus,matrix_factorization,0.5,0.5,0,107,75,0.6529676511730355,0.6540461028281989,0.6455819455883995,0.7464097877578425,53,1.0176303759999428,1.1277845790000356
100,320,offline_consensus,matrix_factorization,0.5,0.5,1,107,75,0.6341218678262313,0.6487836923783835,0.6335643600756963,0.6988194804233587,65,1.1784797069994966,1.2864905240003282
100,320,offline_consensus,matrix_factorization,0.5,0.5,2,107,75,0.6745866016459023,0.6243189201549944,0.640266892142548,0.7410496845577096,47,1.0853907860000618,1.1735216459992444
100,320,offline_consensus,factorization_machines,0.5,0.5,0,107,75,0.7205681626547281,0.7381041868994755,0.7249993035856737,0.8071170129434145,40,0.7734102659997006,0.8556231200000184
100,320,offline_consensus,factorization_machines,0.5,0.5,1,107,75,0.6778093188613246,0.6836809061997173,0.6769519602701576,0.8028088224409741,40,0.6340562060004231,0.7042588250005792
100,320,offline_consensus,factorization_machines,0.5,0.5,2,107,75,0.7588693734563153,0.7116503602496955,0.7310381760771366,0.83052407524593,30,0.6125678489997881,0.6857344199997897
100,320,offline_controversiality,classification,0.5,0.5,0,107,75,0.7589525563319597,0.7615578879259929,0.7596768725839504,0.8956134134059458,18,17.980981695000082,18.05524794699977
100,320,offline_controversiality,classification,0.5,0.5,1,107,75,0.7493325364251876,0.7449903506818888,0.7462640706000324,0.9315187624898231,15,14.64838918300029,14.717374924000069
100,320,offline_controversiality,classification,0.5,0.5,2,107,75,0.7703607011571788,0.7433031328020008,0.7557626185187533,0.8942453354810255,20,14.276623930999449,14.369584430000032
100,320,offline_controversiality,matrix_factorization,0.5,0.5,0,107,75,0.7319616189904288,0.708719617758473,0.7185148005168247,0.8467119250997799,29,1.085243644000002,1.2046584339996116
100,320,offline_controversiality,matrix_factorization,0.5,0.5,1,107,75,0.7310985910886634,0.7461805251735372,0.7370654943789976,0.8661646066168307,28,1.1912629430007655,1.2928952740003297
100,320,offline_controversiality,matrix_factorization,0.5,0.5,2,107,75,0.7436996620889355,0.7269406285675392,0.7333081384742418,0.8374273715699246,27,1.000795885000116,1.0763978509994558
100,320,offline_controversiality,factorization_machines,0.5,0.5,0,107,75,0.7883128280468225,0.783488468035372,0.7836064992746598,0.9193181394307882,15,0.6886096179996457,0.7856885060000423
100,320,offline_controversiality,factorization_machines,0.5,0.5,1,107,75,0.7441681144428302,0.7591877850009134,0.7486541926273262,0.9249500407075716,13,0.6600712039999053,0.7295124490001399
100,320,offline_controversiality,factorization_machines,0.5,0.5,2,107,75,0.7879151544258038,0.7647048691857521,0.7740410603365525,0.891982588352605,20,0.5838880069995867,0.6576554080002097
100,320,online_adaptive_controversial,classification,0.5,0.5,0,107,75,0.7548037589413771,0.7594756380302424,0.7564879425073145,0.9012085493677496,18,27.112556305999533,27.18306064099943
100,320,online_adaptive_controversial,classification,0.5,0.5,1,107,75,0.7620539507960923,0.761475538502295,0.7612123297101591,0.9463585226852195,13,30.710066517000087,30.830162486000518
100,320,online_adaptive_controversial,classification,0.5,0.5,2,107,75,0.7628620843605947,0.7590732899772301,0.7602565171653133,0.8674375347561795,25,29.055289253999945,29.134072937999917
100,320,online_adaptive_controversial,matrix_factorization,0.5,0.5,0,107,75,0.7734355884801657,0.7816530242226414,0.7762387077194752,0.9179566563467493,15,4.085793164999814,4.15845230100058
100,320,online_adaptive_controversial,matrix_factorization,0.5,0.5,1,107,75,0.7729953139108737,0.7702444386737831,0.7706509617656498,0.9450817852120494,13,3.761583064999286,3.8343806310003856
100,320,online_adaptive_controversial,matrix_factorization,0.5,0.5,2,107,75,0.7859611577386071,0.7948286082307893,0.7893530238112159,0.906402807340505,16,3.6481010539991985,3.784149236000303
100,320,online_adaptive_controversial,factorization_machines,0.5,0.5,0,107,75,0.7869657308355602,0.7944822815650044,0.7886012837409487,0.9482449923533142,11,3.109159135000482,3.217376313999921
100,320,online_adaptive_controversial,factorization_machines,0.5,0.5,1,107,75,0.7890179530387214,0.7928401182367192,0.7892590885031067,0.9581452150099918,11,3.5778338190002614,3.650162528000692
100,320,online_adaptive_controversial,factorization_machines,0.5,0.5,2,107,75,0.8118462278367551,0.803309181529631,0.8064022851416314,0.9103146752574355,14,2.998431742000321,3.081839495999702
100,480,random,classification,0.5,0.5,0,160,75,0.7116674904313782,0.6988191566266477,0.7046991214956541,0.8867546620554098,30,49.031747072000144,49.13962310600073
100,480,random,classification,0.5,0.5,1,160,75,0.7128460545708742,0.7007006020713926,0.7060054485312952,0.9243192370435437,21,54.818685881999954,54.92765485899963
100,480,random,classification,0.5,0.5,2,160,75,0.7128000398340456,0.7149851363522823,0.7132546435108806,0.9012410440122824,35,28.292343488999904,28.400340127000163
100,480,random,matrix_factorization,0.5,0.5,0,160,75,0.8327129902676924,0.822799929131023,0.8269912636128023,0.9386935048455519,15,1.8299104750003607,1.93379176200051
100,480,random,matrix_factorization,0.5,0.5,1,160,75,0.8299963733996228,0.8215675346811946,0.8250921537610396,0.947509097753796,15,1.5729058119995898,1.6816250809997655
100,480,random,matrix_factorization,0.5,0.5,2,160,75,0.8093493754527313,0.8128158828088606,0.8106352874156446,0.8762794268167861,37,1.5671128040003168,1.6696175819997734
100,480,random,factorization_machines,0.5,0.5,0,160,75,0.8379428300158621,0.8321645427772165,0.8344861114572831,0.9559981588146748,13,1.261658823000289,1.4078128820001439
100,480,random,factorization_machines,0.5,0.5,1,160,75,0.8307480257095547,0.8192915705535676,0.8244022287473857,0.9456268038649768,14,0.9388562989997808,1.0502013029999944
100,480,random,factorization_machines,0.5,0.5,2,160,75,0.8266232157125435,0.8306697386566035,0.8281797938052814,0.8964176049129989,32,0.9962190920005014,1.1226882590008245
100,480,offline_popularity,classification,0.5,0.5,0,160,75,0.7136559086660221,0.6671096452943966,0.6882209677348975,0.9186768346540936,26,35.731181593000656,35.85082041299938
100,480,offline_popularity,classification,0.5,0.5,1,160,75,0.7213668139364785,0.6564954652829988,0.6860644522789946,0.938750156857824,17,24.181319248000364,24.288092963000054
100,480,offline_popularity,classification,0.5,0.5,2,160,75,0.7205928774049472,0.6501731789901407,0.6825965748441004,0.9111310133060389,26,22.69283527299922,22.798149690999708
100,480,offline_popularity,matrix_factorization,0.5,0.5,0,160,75,0.7541982230576372,0.39145302459036685,0.4666246182698481,0.9391911225010263,20,2.6405075279999437,2.9433710989997053
100,480,offline_popularity,matrix_factorization,0.5,0.5,1,160,75,0.7728664801232819,0.5847327054548257,0.6613777103590798,0.9371062868615887,21,2.866507351999644,3.0408933329999854
100,480,offline_popularity,matrix_factorization,0.5,0.5,2,160,75,0.762158196990389,0.5335813108199983,0.5930069016459538,0.8908009211873081,31,2.4983857339993847,2.6170658410001124
100,480,offline_popularity,factorization_machines,0.5,0.5,0,160,75,0.6758575048760667,0.793983659186721,0.7209062910312712,0.8309966037595014,52,0.9922221320002791,1.1252354309999646
100,480,offline_popularity,factorization_machines,0.5,0.5,1,160,75,0.6618177816619824,0.7858745959851696,0.7151814995339385,0.8444472330279834,48,1.3167519730004642,1.4636392330003218
100,480,offline_popularity,factorization_machines,0.5,0.5,2,160,75,0.644338522556401,0.7843725766713189,0.7004698302960315,0.8301049129989765,49,1.8414671549999184,2.037873987999774
100,480,offline_consensus,classification,0.5,0.5,0,160,75,0.7183545837363126,0.727190489359096,0.7223142245647645,0.852244877648259,41,54.84550652000053,54.96988026500003
100,480,offline_consensus,classification,0.5,0.5,1,160,75,0.7275020345186988,0.7231593230994243,0.7245482083421687,0.8507089973647886,41,42.81115024999963,42.91123986000002
100,480,offline_consensus,classification,0.5,0.5,2,160,75,0.7201707863288334,0.7124115768620007,0.71570899070019,0.8013306038894575,50,30.835716161000164,30.946082827000282
100,480,offline_consensus,matrix_factorization,0.5,0.5,0,160,75,0.7049281824645555,0.6694139269096293,0.6819577312126861,0.7329783660724283,74,1.8114199999999983,1.921993470000416
100,480,offline_consensus,matrix_factorization,0.5,0.5,1,160,75,0.733544089138435,0.7140119011100885,0.7201235555830909,0.8054210063997992,54,1.6929179690005185,1.839093958000376
100,480,offline_consensus,matrix_factorization,0.5,0.5,2,160,75,0.6720259248143043,0.6581908093528991,0.6590082562481561,0.7426177072671443,74,1.5741503630006264,1.6889317369996206
100,480,offline_consensus,factorization_machines,0.5,0.5,0,160,75,0.7473307023043164,0.7429339417726901,0.7428663939496405,0.8209074057947576,53,1.3416324619993247,1.4415920999999798
100,480,offline_consensus,factorization_machines,0.5,0.5,1,160,75,0.756354262607322,0.754225606181816,0.7536775207803605,0.8843644120968754,37,0.9115821169998526,1.0173439139998663
100,480,offline_consensus,factorization_machines,0.5,0.5,2,160,75,0.7300971870274159,0.7232339392978244,0.7231547844850622,0.8121801432958035,52,1.0367016789996342,1.147626360000686
100,480,offline_controversiality,classification,0.5,0.5,0,160,75,0.7716062957655044,0.7689656554028935,0.7697878788656769,0.86365276240001,40,22.831801076000374,22.943570208999517
100,480,offline_controversiality,classification,0.5,0.5,1,160,75,0.7833127889525476,0.772849266696039,0.7775454403137231,0.9102145815033253,25,22.78900657899976,22.893153905999498
100,480,offline_controversiality,classification,0.5,0.5,2,160,75,0.7815423669547742,0.7840149189657366,0.7820627829553018,0.8473515864892528,41,22.76636801299992,22.871530596999946
100,480,offline_controversiality,matrix_factorization,0.5,0.5,0,160,75,0.7434441200668753,0.75124906191071,0.7457896120837239,0.8119378475548312,52,1.7381745269995008,1.8418369249993702
100,480,offline_controversiality,matrix_factorization,0.5,0.5,1,160,75,0.7867607466276826,0.770166646432333,0.777390677142975,0.8912410591040281,29,1.6133772500006671,1.7170583570004965
100,480,offline_controversiality,matrix_factorization,0.5,0.5,2,160,75,0.7726993771140422,0.7878423745183794,0.7786793530028397,0.8266760491299897,50,1.5959570889999668,1.7052017960004378
100,480,offline_controversiality,factorization_machines,0.5,0.5,0,160,75,0.7991766890061659,0.7890415951821546,0.7925210470369954,0.8901757834367964,30,0.9412929459995212,1.1482246569994459
100,480,offline_controversiality,factorization_machines,0.5,0.5,1,160,75,0.7780521161090312,0.7654935111066622,0.7701589815040392,0.9318233153469695,26,1.0117793910003456,1.1233565800002907
100,480,offline_controversiality,factorization_machines,0.5,0.5,2,160,75,0.7712739481108429,0.7791453215119112,0.7731190296189323,0.9154042988741043,24,0.8665190530000473,0.973353938999935
100,480,online_adaptive_controversial,classification,0.5,0.5,0,160,75,0.76670397241275,0.7643347321906758,0.7649201635911277,0.9026162248236568,27,48.00768210299975,48.119555186999605
100,480,online_adaptive_controversial,classification,0.5,0.5,1,160,75,0.7794660776805836,0.7673444037220782,0.7728708863479458,0.9351988957209185,21,30.980169114999626,31.090677119999782
100,480,online_adaptive_controversial,classification,0.5,0.5,2,160,75,0.7769829312677875,0.7830686836222964,0.7793508160986901,0.8811028659160696,36,48.96320235100029,49.068474475000585
100,480,online_adaptive_controversial,matrix_factorization,0.5,0.5,0,160,75,0.8005420795227965,0.7856488575231669,0.7921014706759337,0.9075301991714666,24,7.6894586340004025,7.793164085999706
100,480,online_adaptive_controversial,matrix_factorization,0.5,0.5,1,160,75,0.815748820640455,0.811809298607785,0.8131762227384605,0.9561425523905133,16,7.424753467999835,7.53843843300001
100,480,online_adaptive_controversial,matrix_factorization,0.5,0.5,2,160,75,0.8055456570680923,0.8173406424718117,0.8107037333380405,0.8916581371545548,37,6.6225149069996405,6.728766346000157
100,480,online_adaptive_controversial,factorization_machines,0.5,0.5,0,160,75,0.814698356261258,0.8119162782332684,0.8124633063102229,0.9294253760123409,18,5.896404924000308,6.000781870000537
100,480,online_adaptive_controversial,factorization_machines,0.5,0.5,1,160,75,0.8074356243422863,0.8065983693962122,0.806071017256082,0.9483122098130254,14,6.237197028999617,6.338858248000179
100,480,online_adaptive_controversial,factorization_machines,0.5,0.5,2,160,75,0.7985266379728928,0.8107847371393044,0.803519487173281,0.920125383828045,25,7.626417417000084,7.752280333999806
